t,U
0.01811363636,-1.57839613
0.05961363636,-1.57839613
0.1011136364,-1.486340352
0.1426136364,-1.37127063
0.1841136364,-1.161268387
0.2256136364,-0.9138684839
0.2671136364,-0.7240034422
0.3086136364,-0.3126291851
0.352209596,0.1233572069
0.3897272727,0.5829009282
0.4217954545,1.319306054
0.4463181818,2.113424126
0.4727272727,2.899254437
0.4991363636,3.749691603
0.5274318182,4.535961417
0.5481818182,5.327944762
0.5783636364,6.150693276
0.6085454545,7.139573702
0.6349545455,7.988692361
0.6613636364,8.737604469
0.6877727273,9.444324347
0.7122954545,10.19775705
0.7387045455,10.86680529
0.7726590909,11.4590034
0.8141590909,11.67188239
0.8481136364,11.19228822
0.87075,10.45271868
0.8764090909,9.766040112
0.8952727273,9.054046206
0.9028181818,8.373696473
0.9141363636,7.424371264
0.9292272727,6.395935622
0.9367727273,5.378048037
0.9443181818,4.550025494
0.9556363636,3.500493736
0.969469697,2.503702267
0.9770151515,1.586021232
0.9858181818,0.8265610651
0.9895909091,-0.1508922978
1.006568182,-1.019349063
1.017886364,-1.546751956
1.022287879,-2.42224076
1.031090909,-3.11313855
1.042409091,-3.888420804
1.074477273,-4.834869269
1.115977273,-4.869390186
1.157477273,-4.268150887
1.198977273,-3.825132457
1.240477273,-3.523074436
1.281977273,-3.44252563
1.323477273,-3.23540013
1.364977273,-2.982246741
1.406477273,-2.683065463
1.447977273,-2.435665561
1.489477273,-2.314842352
1.530977273,-2.061688963
1.572477273,-1.831549519
1.613977273,-1.831549519
1.655477273,-1.78552163
1.696977273,-1.704972824
1.738477273,-1.658944935
1.779977273,-1.57839613
1.821477273,-1.647437963
1.862977273,-1.704972824
1.904477273,-1.658944935
1.945977273,-1.57839613
1.987477273,-1.509354296
2.018113636,-1.57839613
2.059613636,-1.57839613
2.101113636,-1.486340352
2.142613636,-1.37127063
2.184113636,-1.161268387
2.225613636,-0.9138684839
2.267113636,-0.7240034422
2.308613636,-0.3126291851
2.352209596,0.1233572069
2.389727273,0.5829009282
2.421795455,1.319306054
2.446318182,2.113424126
2.472727273,2.899254437
2.499136364,3.749691603
2.527431818,4.535961417
2.548181818,5.327944762
2.578363636,6.150693276
2.608545455,7.139573702
2.634954545,7.988692361
2.661363636,8.737604469
2.687772727,9.444324347
2.712295455,10.19775705
2.738704545,10.86680529
2.772659091,11.4590034
2.814159091,11.67188239
2.848113636,11.19228822
2.87075,10.45271868
2.876409091,9.766040112
2.895272727,9.054046206
2.902818182,8.373696473
2.914136364,7.424371264
2.929227273,6.395935622
2.936772727,5.378048037
2.944318182,4.550025494
2.955636364,3.500493736
2.969469697,2.503702267
2.977015152,1.586021232
2.985818182,0.8265610651
2.989590909,-0.1508922978
3.006568182,-1.019349063
3.017886364,-1.546751956
3.022287879,-2.42224076
3.031090909,-3.11313855
3.042409091,-3.888420804
3.074477273,-4.834869269
3.115977273,-4.869390186
3.157477273,-4.268150887
3.198977273,-3.825132457
3.240477273,-3.523074436
3.281977273,-3.44252563
3.323477273,-3.23540013
3.364977273,-2.982246741
3.406477273,-2.683065463
3.447977273,-2.435665561
3.489477273,-2.314842352
3.530977273,-2.061688963
3.572477273,-1.831549519
3.613977273,-1.831549519
3.655477273,-1.78552163
3.696977273,-1.704972824
3.738477273,-1.658944935
3.779977273,-1.57839613
3.821477273,-1.647437963
3.862977273,-1.704972824
3.904477273,-1.658944935
3.945977273,-1.57839613
3.987477273,-1.509354296
4.018113636,-1.57839613
4.059613636,-1.57839613
4.101113636,-1.486340352
4.142613636,-1.37127063
4.184113636,-1.161268387
4.225613636,-0.9138684839
4.267113636,-0.7240034422
4.308613636,-0.3126291851
4.352209596,0.1233572069
4.389727273,0.5829009282
4.421795455,1.319306054
4.446318182,2.113424126
4.472727273,2.899254437
4.499136364,3.749691603
4.527431818,4.535961417
4.548181818,5.327944762
4.578363636,6.150693276
4.608545455,7.139573702
4.634954545,7.988692361
4.661363636,8.737604469
4.687772727,9.444324347
4.712295455,10.19775705
4.738704545,10.86680529
4.772659091,11.4590034
4.814159091,11.67188239
4.848113636,11.19228822
4.87075,10.45271868
4.876409091,9.766040112
4.895272727,9.054046206
4.902818182,8.373696473
4.914136364,7.424371264
4.929227273,6.395935622
4.936772727,5.378048037
4.944318182,4.550025494
4.955636364,3.500493736
4.969469697,2.503702267
4.977015152,1.586021232
4.985818182,0.8265610651
4.989590909,-0.1508922978
5.006568182,-1.019349063
5.017886364,-1.546751956
5.022287879,-2.42224076
5.031090909,-3.11313855
5.042409091,-3.888420804
5.074477273,-4.834869269
5.115977273,-4.869390186
5.157477273,-4.268150887
5.198977273,-3.825132457
5.240477273,-3.523074436
5.281977273,-3.44252563
5.323477273,-3.23540013
5.364977273,-2.982246741
5.406477273,-2.683065463
5.447977273,-2.435665561
5.489477273,-2.314842352
5.530977273,-2.061688963
5.572477273,-1.831549519
5.613977273,-1.831549519
5.655477273,-1.78552163
5.696977273,-1.704972824
5.738477273,-1.658944935
5.779977273,-1.57839613
5.821477273,-1.647437963
5.862977273,-1.704972824
5.904477273,-1.658944935
5.945977273,-1.57839613
5.987477273,-1.509354296
6.018113636,-1.57839613
6.059613636,-1.57839613
6.101113636,-1.486340352
6.142613636,-1.37127063
6.184113636,-1.161268387
6.225613636,-0.9138684839
6.267113636,-0.7240034422
6.308613636,-0.3126291851
6.352209596,0.1233572069
6.389727273,0.5829009282
6.421795455,1.319306054
6.446318182,2.113424126
6.472727273,2.899254437
6.499136364,3.749691603
6.527431818,4.535961417
6.548181818,5.327944762
6.578363636,6.150693276
6.608545455,7.139573702
6.634954545,7.988692361
6.661363636,8.737604469
6.687772727,9.444324347
6.712295455,10.19775705
6.738704545,10.86680529
6.772659091,11.4590034
6.814159091,11.67188239
6.848113636,11.19228822
6.87075,10.45271868
6.876409091,9.766040112
6.895272727,9.054046206
6.902818182,8.373696473
6.914136364,7.424371264
6.929227273,6.395935622
6.936772727,5.378048037
6.944318182,4.550025494
6.955636364,3.500493736
6.969469697,2.503702267
6.977015152,1.586021232
6.985818182,0.8265610651
6.989590909,-0.1508922978
7.006568182,-1.019349063
7.017886364,-1.546751956
7.022287879,-2.42224076
7.031090909,-3.11313855
7.042409091,-3.888420804
7.074477273,-4.834869269
7.115977273,-4.869390186
7.157477273,-4.268150887
7.198977273,-3.825132457
7.240477273,-3.523074436
7.281977273,-3.44252563
7.323477273,-3.23540013
7.364977273,-2.982246741
7.406477273,-2.683065463
7.447977273,-2.435665561
7.489477273,-2.314842352
7.530977273,-2.061688963
7.572477273,-1.831549519
7.613977273,-1.831549519
7.655477273,-1.78552163
7.696977273,-1.704972824
7.738477273,-1.658944935
7.779977273,-1.57839613
7.821477273,-1.647437963
7.862977273,-1.704972824
7.904477273,-1.658944935
7.945977273,-1.57839613
7.987477273,-1.509354296
8.018113636,-1.57839613
8.059613636,-1.57839613
8.101113636,-1.486340352
8.142613636,-1.37127063
8.184113636,-1.161268387
8.225613636,-0.9138684839
8.267113636,-0.7240034422
8.308613636,-0.3126291851
8.352209596,0.1233572069
8.389727273,0.5829009282
8.421795455,1.319306054
8.446318182,2.113424126
8.472727273,2.899254437
8.499136364,3.749691603
8.527431818,4.535961417
8.548181818,5.327944762
8.578363636,6.150693276
8.608545455,7.139573702
8.634954545,7.988692361
8.661363636,8.737604469
8.687772727,9.444324347
8.712295455,10.19775705
8.738704545,10.86680529
8.772659091,11.4590034
8.814159091,11.67188239
8.848113636,11.19228822
8.87075,10.45271868
8.876409091,9.766040112
8.895272727,9.054046206
8.902818182,8.373696473
8.914136364,7.424371264
8.929227273,6.395935622
8.936772727,5.378048037
8.944318182,4.550025494
8.955636364,3.500493736
8.969469697,2.503702267
8.977015152,1.586021232
8.985818182,0.8265610651
8.989590909,-0.1508922978
9.006568182,-1.019349063
9.017886364,-1.546751956
9.022287879,-2.42224076
9.031090909,-3.11313855
9.042409091,-3.888420804
9.074477273,-4.834869269
9.115977273,-4.869390186
9.157477273,-4.268150887
9.198977273,-3.825132457
9.240477273,-3.523074436
9.281977273,-3.44252563
9.323477273,-3.23540013
9.364977273,-2.982246741
9.406477273,-2.683065463
9.447977273,-2.435665561
9.489477273,-2.314842352
9.530977273,-2.061688963
9.572477273,-1.831549519
9.613977273,-1.831549519
9.655477273,-1.78552163
9.696977273,-1.704972824
9.738477273,-1.658944935
9.779977273,-1.57839613
9.821477273,-1.647437963
9.862977273,-1.704972824
9.904477273,-1.658944935
9.945977273,-1.57839613
9.987477273,-1.509354296
10.01811364,-1.57839613
10.05961364,-1.57839613
10.10111364,-1.486340352
10.14261364,-1.37127063
10.18411364,-1.161268387
10.22561364,-0.9138684839
10.26711364,-0.7240034422
10.30861364,-0.3126291851
10.3522096,0.1233572069
10.38972727,0.5829009282
10.42179545,1.319306054
10.44631818,2.113424126
10.47272727,2.899254437
10.49913636,3.749691603
10.52743182,4.535961417
10.54818182,5.327944762
10.57836364,6.150693276
10.60854545,7.139573702
10.63495455,7.988692361
10.66136364,8.737604469
10.68777273,9.444324347
10.71229545,10.19775705
10.73870455,10.86680529
10.77265909,11.4590034
10.81415909,11.67188239
10.84811364,11.19228822
10.87075,10.45271868
10.87640909,9.766040112
10.89527273,9.054046206
10.90281818,8.373696473
10.91413636,7.424371264
10.92922727,6.395935622
10.93677273,5.378048037
10.94431818,4.550025494
10.95563636,3.500493736
10.9694697,2.503702267
10.97701515,1.586021232
10.98581818,0.8265610651
10.98959091,-0.1508922978
11.00656818,-1.019349063
11.01788636,-1.546751956
11.02228788,-2.42224076
11.03109091,-3.11313855
11.04240909,-3.888420804
11.07447727,-4.834869269
11.11597727,-4.869390186
11.15747727,-4.268150887
11.19897727,-3.825132457
11.24047727,-3.523074436
11.28197727,-3.44252563
11.32347727,-3.23540013
11.36497727,-2.982246741
11.40647727,-2.683065463
11.44797727,-2.435665561
11.48947727,-2.314842352
11.53097727,-2.061688963
11.57247727,-1.831549519
11.61397727,-1.831549519
11.65547727,-1.78552163
11.69697727,-1.704972824
11.73847727,-1.658944935
11.77997727,-1.57839613
11.82147727,-1.647437963
11.86297727,-1.704972824
11.90447727,-1.658944935
11.94597727,-1.57839613
11.98747727,-1.509354296
12.01811364,-1.57839613
12.05961364,-1.57839613
12.10111364,-1.486340352
12.14261364,-1.37127063
12.18411364,-1.161268387
12.22561364,-0.9138684839
12.26711364,-0.7240034422
12.30861364,-0.3126291851
12.3522096,0.1233572069
12.38972727,0.5829009282
12.42179545,1.319306054
12.44631818,2.113424126
12.47272727,2.899254437
12.49913636,3.749691603
12.52743182,4.535961417
12.54818182,5.327944762
12.57836364,6.150693276
12.60854545,7.139573702
12.63495455,7.988692361
12.66136364,8.737604469
12.68777273,9.444324347
12.71229545,10.19775705
12.73870455,10.86680529
12.77265909,11.4590034
12.81415909,11.67188239
12.84811364,11.19228822
12.87075,10.45271868
12.87640909,9.766040112
12.89527273,9.054046206
12.90281818,8.373696473
12.91413636,7.424371264
12.92922727,6.395935622
12.93677273,5.378048037
12.94431818,4.550025494
12.95563636,3.500493736
12.9694697,2.503702267
12.97701515,1.586021232
12.98581818,0.8265610651
12.98959091,-0.1508922978
13.00656818,-1.019349063
13.01788636,-1.546751956
13.02228788,-2.42224076
13.03109091,-3.11313855
13.04240909,-3.888420804
13.07447727,-4.834869269
13.11597727,-4.869390186
13.15747727,-4.268150887
13.19897727,-3.825132457
13.24047727,-3.523074436
13.28197727,-3.44252563
13.32347727,-3.23540013
13.36497727,-2.982246741
13.40647727,-2.683065463
13.44797727,-2.435665561
13.48947727,-2.314842352
13.53097727,-2.061688963
13.57247727,-1.831549519
13.61397727,-1.831549519
13.65547727,-1.78552163
13.69697727,-1.704972824
13.73847727,-1.658944935
13.77997727,-1.57839613
13.82147727,-1.647437963
13.86297727,-1.704972824
13.90447727,-1.658944935
13.94597727,-1.57839613
13.98747727,-1.509354296
14.01811364,-1.57839613
14.05961364,-1.57839613
14.10111364,-1.486340352
14.14261364,-1.37127063
14.18411364,-1.161268387
14.22561364,-0.9138684839
14.26711364,-0.7240034422
14.30861364,-0.3126291851
14.3522096,0.1233572069
14.38972727,0.5829009282
14.42179545,1.319306054
14.44631818,2.113424126
14.47272727,2.899254437
14.49913636,3.749691603
14.52743182,4.535961417
14.54818182,5.327944762
14.57836364,6.150693276
14.60854545,7.139573702
14.63495455,7.988692361
14.66136364,8.737604469
14.68777273,9.444324347
14.71229545,10.19775705
14.73870455,10.86680529
14.77265909,11.4590034
14.81415909,11.67188239
14.84811364,11.19228822
14.87075,10.45271868
14.87640909,9.766040112
14.89527273,9.054046206
14.90281818,8.373696473
14.91413636,7.424371264
14.92922727,6.395935622
14.93677273,5.378048037
14.94431818,4.550025494
14.95563636,3.500493736
14.9694697,2.503702267
14.97701515,1.586021232
14.98581818,0.8265610651
14.98959091,-0.1508922978
15.00656818,-1.019349063
15.01788636,-1.546751956
15.02228788,-2.42224076
15.03109091,-3.11313855
15.04240909,-3.888420804
15.07447727,-4.834869269
15.11597727,-4.869390186
15.15747727,-4.268150887
15.19897727,-3.825132457
15.24047727,-3.523074436
15.28197727,-3.44252563
15.32347727,-3.23540013
15.36497727,-2.982246741
15.40647727,-2.683065463
15.44797727,-2.435665561
15.48947727,-2.314842352
15.53097727,-2.061688963
15.57247727,-1.831549519
15.61397727,-1.831549519
15.65547727,-1.78552163
15.69697727,-1.704972824
15.73847727,-1.658944935
15.77997727,-1.57839613
15.82147727,-1.647437963
15.86297727,-1.704972824
15.90447727,-1.658944935
15.94597727,-1.57839613
15.98747727,-1.509354296
16.01811364,-1.57839613
16.05961364,-1.57839613
16.10111364,-1.486340352
16.14261364,-1.37127063
16.18411364,-1.161268387
16.22561364,-0.9138684839
16.26711364,-0.7240034422
16.30861364,-0.3126291851
16.3522096,0.1233572069
16.38972727,0.5829009282
16.42179545,1.319306054
16.44631818,2.113424126
16.47272727,2.899254437
16.49913636,3.749691603
16.52743182,4.535961417
16.54818182,5.327944762
16.57836364,6.150693276
16.60854545,7.139573702
16.63495455,7.988692361
16.66136364,8.737604469
16.68777273,9.444324347
16.71229545,10.19775705
16.73870455,10.86680529
16.77265909,11.4590034
16.81415909,11.67188239
16.84811364,11.19228822
16.87075,10.45271868
16.87640909,9.766040112
16.89527273,9.054046206
16.90281818,8.373696473
16.91413636,7.424371264
16.92922727,6.395935622
16.93677273,5.378048037
16.94431818,4.550025494
16.95563636,3.500493736
16.9694697,2.503702267
16.97701515,1.586021232
16.98581818,0.8265610651
16.98959091,-0.1508922978
17.00656818,-1.019349063
17.01788636,-1.546751956
17.02228788,-2.42224076
17.03109091,-3.11313855
17.04240909,-3.888420804
17.07447727,-4.834869269
17.11597727,-4.869390186
17.15747727,-4.268150887
17.19897727,-3.825132457
17.24047727,-3.523074436
17.28197727,-3.44252563
17.32347727,-3.23540013
17.36497727,-2.982246741
17.40647727,-2.683065463
17.44797727,-2.435665561
17.48947727,-2.314842352
17.53097727,-2.061688963
17.57247727,-1.831549519
17.61397727,-1.831549519
17.65547727,-1.78552163
17.69697727,-1.704972824
17.73847727,-1.658944935
17.77997727,-1.57839613
17.82147727,-1.647437963
17.86297727,-1.704972824
17.90447727,-1.658944935
17.94597727,-1.57839613
17.98747727,-1.509354296
18.01811364,-1.57839613
18.05961364,-1.57839613
18.10111364,-1.486340352
18.14261364,-1.37127063
18.18411364,-1.161268387
18.22561364,-0.9138684839
18.26711364,-0.7240034422
18.30861364,-0.3126291851
18.3522096,0.1233572069
18.38972727,0.5829009282
18.42179545,1.319306054
18.44631818,2.113424126
18.47272727,2.899254437
18.49913636,3.749691603
18.52743182,4.535961417
18.54818182,5.327944762
18.57836364,6.150693276
18.60854545,7.139573702
18.63495455,7.988692361
18.66136364,8.737604469
18.68777273,9.444324347
18.71229545,10.19775705
18.73870455,10.86680529
18.77265909,11.4590034
18.81415909,11.67188239
18.84811364,11.19228822
18.87075,10.45271868
18.87640909,9.766040112
18.89527273,9.054046206
18.90281818,8.373696473
18.91413636,7.424371264
18.92922727,6.395935622
18.93677273,5.378048037
18.94431818,4.550025494
18.95563636,3.500493736
18.9694697,2.503702267
18.97701515,1.586021232
18.98581818,0.8265610651
18.98959091,-0.1508922978
19.00656818,-1.019349063
19.01788636,-1.546751956
19.02228788,-2.42224076
19.03109091,-3.11313855
19.04240909,-3.888420804
19.07447727,-4.834869269
19.11597727,-4.869390186
19.15747727,-4.268150887
19.19897727,-3.825132457
19.24047727,-3.523074436
19.28197727,-3.44252563
19.32347727,-3.23540013
19.36497727,-2.982246741
19.40647727,-2.683065463
19.44797727,-2.435665561
19.48947727,-2.314842352
19.53097727,-2.061688963
19.57247727,-1.831549519
19.61397727,-1.831549519
19.65547727,-1.78552163
19.69697727,-1.704972824
19.73847727,-1.658944935
19.77997727,-1.57839613
19.82147727,-1.647437963
19.86297727,-1.704972824
19.90447727,-1.658944935
19.94597727,-1.57839613
19.98747727,-1.509354296
20.01811364,-1.57839613
20.05961364,-1.57839613
20.10111364,-1.486340352
20.14261364,-1.37127063
20.18411364,-1.161268387
20.22561364,-0.9138684839
20.26711364,-0.7240034422
20.30861364,-0.3126291851
20.3522096,0.1233572069
20.38972727,0.5829009282
20.42179545,1.319306054
20.44631818,2.113424126
20.47272727,2.899254437
20.49913636,3.749691603
20.52743182,4.535961417
20.54818182,5.327944762
20.57836364,6.150693276
20.60854545,7.139573702
20.63495455,7.988692361
20.66136364,8.737604469
20.68777273,9.444324347
20.71229545,10.19775705
20.73870455,10.86680529
20.77265909,11.4590034
20.81415909,11.67188239
20.84811364,11.19228822
20.87075,10.45271868
20.87640909,9.766040112
20.89527273,9.054046206
20.90281818,8.373696473
20.91413636,7.424371264
20.92922727,6.395935622
20.93677273,5.378048037
20.94431818,4.550025494
20.95563636,3.500493736
20.9694697,2.503702267
20.97701515,1.586021232
20.98581818,0.8265610651
20.98959091,-0.1508922978
21.00656818,-1.019349063
21.01788636,-1.546751956
21.02228788,-2.42224076
21.03109091,-3.11313855
21.04240909,-3.888420804
21.07447727,-4.834869269
21.11597727,-4.869390186
21.15747727,-4.268150887
21.19897727,-3.825132457
21.24047727,-3.523074436
21.28197727,-3.44252563
21.32347727,-3.23540013
21.36497727,-2.982246741
21.40647727,-2.683065463
21.44797727,-2.435665561
21.48947727,-2.314842352
21.53097727,-2.061688963
21.57247727,-1.831549519
21.61397727,-1.831549519
21.65547727,-1.78552163
21.69697727,-1.704972824
21.73847727,-1.658944935
21.77997727,-1.57839613
21.82147727,-1.647437963
21.86297727,-1.704972824
21.90447727,-1.658944935
21.94597727,-1.57839613
21.98747727,-1.509354296
22.01811364,-1.57839613
22.05961364,-1.57839613
22.10111364,-1.486340352
22.14261364,-1.37127063
22.18411364,-1.161268387
22.22561364,-0.9138684839
22.26711364,-0.7240034422
22.30861364,-0.3126291851
22.3522096,0.1233572069
22.38972727,0.5829009282
22.42179545,1.319306054
22.44631818,2.113424126
22.47272727,2.899254437
22.49913636,3.749691603
22.52743182,4.535961417
22.54818182,5.327944762
22.57836364,6.150693276
22.60854545,7.139573702
22.63495455,7.988692361
22.66136364,8.737604469
22.68777273,9.444324347
22.71229545,10.19775705
22.73870455,10.86680529
22.77265909,11.4590034
22.81415909,11.67188239
22.84811364,11.19228822
22.87075,10.45271868
22.87640909,9.766040112
22.89527273,9.054046206
22.90281818,8.373696473
22.91413636,7.424371264
22.92922727,6.395935622
22.93677273,5.378048037
22.94431818,4.550025494
22.95563636,3.500493736
22.9694697,2.503702267
22.97701515,1.586021232
22.98581818,0.8265610651
22.98959091,-0.1508922978
23.00656818,-1.019349063
23.01788636,-1.546751956
23.02228788,-2.42224076
23.03109091,-3.11313855
23.04240909,-3.888420804
23.07447727,-4.834869269
23.11597727,-4.869390186
23.15747727,-4.268150887
23.19897727,-3.825132457
23.24047727,-3.523074436
23.28197727,-3.44252563
23.32347727,-3.23540013
23.36497727,-2.982246741
23.40647727,-2.683065463
23.44797727,-2.435665561
23.48947727,-2.314842352
23.53097727,-2.061688963
23.57247727,-1.831549519
23.61397727,-1.831549519
23.65547727,-1.78552163
23.69697727,-1.704972824
23.73847727,-1.658944935
23.77997727,-1.57839613
23.82147727,-1.647437963
23.86297727,-1.704972824
23.90447727,-1.658944935
23.94597727,-1.57839613
23.98747727,-1.509354296
24.01811364,-1.57839613
24.05961364,-1.57839613
24.10111364,-1.486340352
24.14261364,-1.37127063
24.18411364,-1.161268387
24.22561364,-0.9138684839
24.26711364,-0.7240034422
24.30861364,-0.3126291851
24.3522096,0.1233572069
24.38972727,0.5829009282
24.42179545,1.319306054
24.44631818,2.113424126
24.47272727,2.899254437
24.49913636,3.749691603
24.52743182,4.535961417
24.54818182,5.327944762
24.57836364,6.150693276
24.60854545,7.139573702
24.63495455,7.988692361
24.66136364,8.737604469
24.68777273,9.444324347
24.71229545,10.19775705
24.73870455,10.86680529
24.77265909,11.4590034
24.81415909,11.67188239
24.84811364,11.19228822
24.87075,10.45271868
24.87640909,9.766040112
24.89527273,9.054046206
24.90281818,8.373696473
24.91413636,7.424371264
24.92922727,6.395935622
24.93677273,5.378048037
24.94431818,4.550025494
24.95563636,3.500493736
24.9694697,2.503702267
24.97701515,1.586021232
24.98581818,0.8265610651
24.98959091,-0.1508922978
25.00656818,-1.019349063
25.01788636,-1.546751956
25.02228788,-2.42224076
25.03109091,-3.11313855
25.04240909,-3.888420804
25.07447727,-4.834869269
25.11597727,-4.869390186
25.15747727,-4.268150887
25.19897727,-3.825132457
25.24047727,-3.523074436
25.28197727,-3.44252563
25.32347727,-3.23540013
25.36497727,-2.982246741
25.40647727,-2.683065463
25.44797727,-2.435665561
25.48947727,-2.314842352
25.53097727,-2.061688963
25.57247727,-1.831549519
25.61397727,-1.831549519
25.65547727,-1.78552163
25.69697727,-1.704972824
25.73847727,-1.658944935
25.77997727,-1.57839613
25.82147727,-1.647437963
25.86297727,-1.704972824
25.90447727,-1.658944935
25.94597727,-1.57839613
25.98747727,-1.509354296
26.01811364,-1.57839613
26.05961364,-1.57839613
26.10111364,-1.486340352
26.14261364,-1.37127063
26.18411364,-1.161268387
26.22561364,-0.9138684839
26.26711364,-0.7240034422
26.30861364,-0.3126291851
26.3522096,0.1233572069
26.38972727,0.5829009282
26.42179545,1.319306054
26.44631818,2.113424126
26.47272727,2.899254437
26.49913636,3.749691603
26.52743182,4.535961417
26.54818182,5.327944762
26.57836364,6.150693276
26.60854545,7.139573702
26.63495455,7.988692361
26.66136364,8.737604469
26.68777273,9.444324347
26.71229545,10.19775705
26.73870455,10.86680529
26.77265909,11.4590034
26.81415909,11.67188239
26.84811364,11.19228822
26.87075,10.45271868
26.87640909,9.766040112
26.89527273,9.054046206
26.90281818,8.373696473
26.91413636,7.424371264
26.92922727,6.395935622
26.93677273,5.378048037
26.94431818,4.550025494
26.95563636,3.500493736
26.9694697,2.503702267
26.97701515,1.586021232
26.98581818,0.8265610651
26.98959091,-0.1508922978
27.00656818,-1.019349063
27.01788636,-1.546751956
27.02228788,-2.42224076
27.03109091,-3.11313855
27.04240909,-3.888420804
27.07447727,-4.834869269
27.11597727,-4.869390186
27.15747727,-4.268150887
27.19897727,-3.825132457
27.24047727,-3.523074436
27.28197727,-3.44252563
27.32347727,-3.23540013
27.36497727,-2.982246741
27.40647727,-2.683065463
27.44797727,-2.435665561
27.48947727,-2.314842352
27.53097727,-2.061688963
27.57247727,-1.831549519
27.61397727,-1.831549519
27.65547727,-1.78552163
27.69697727,-1.704972824
27.73847727,-1.658944935
27.77997727,-1.57839613
27.82147727,-1.647437963
27.86297727,-1.704972824
27.90447727,-1.658944935
27.94597727,-1.57839613
27.98747727,-1.509354296
28.01811364,-1.57839613
28.05961364,-1.57839613
28.10111364,-1.486340352
28.14261364,-1.37127063
28.18411364,-1.161268387
28.22561364,-0.9138684839
28.26711364,-0.7240034422
28.30861364,-0.3126291851
28.3522096,0.1233572069
28.38972727,0.5829009282
28.42179545,1.319306054
28.44631818,2.113424126
28.47272727,2.899254437
28.49913636,3.749691603
28.52743182,4.535961417
28.54818182,5.327944762
28.57836364,6.150693276
28.60854545,7.139573702
28.63495455,7.988692361
28.66136364,8.737604469
28.68777273,9.444324347
28.71229545,10.19775705
28.73870455,10.86680529
28.77265909,11.4590034
28.81415909,11.67188239
28.84811364,11.19228822
28.87075,10.45271868
28.87640909,9.766040112
28.89527273,9.054046206
28.90281818,8.373696473
28.91413636,7.424371264
28.92922727,6.395935622
28.93677273,5.378048037
28.94431818,4.550025494
28.95563636,3.500493736
28.9694697,2.503702267
28.97701515,1.586021232
28.98581818,0.8265610651
28.98959091,-0.1508922978
29.00656818,-1.019349063
29.01788636,-1.546751956
29.02228788,-2.42224076
29.03109091,-3.11313855
29.04240909,-3.888420804
29.07447727,-4.834869269
29.11597727,-4.869390186
29.15747727,-4.268150887
29.19897727,-3.825132457
29.24047727,-3.523074436
29.28197727,-3.44252563
29.32347727,-3.23540013
29.36497727,-2.982246741
29.40647727,-2.683065463
29.44797727,-2.435665561
29.48947727,-2.314842352
29.53097727,-2.061688963
29.57247727,-1.831549519
29.61397727,-1.831549519
29.65547727,-1.78552163
29.69697727,-1.704972824
29.73847727,-1.658944935
29.77997727,-1.57839613
29.82147727,-1.647437963
29.86297727,-1.704972824
29.90447727,-1.658944935
29.94597727,-1.57839613
29.98747727,-1.509354296
30.01811364,-1.57839613
30.05961364,-1.57839613
30.10111364,-1.486340352
30.14261364,-1.37127063
30.18411364,-1.161268387
30.22561364,-0.9138684839
30.26711364,-0.7240034422
30.30861364,-0.3126291851
30.3522096,0.1233572069
30.38972727,0.5829009282
30.42179545,1.319306054
30.44631818,2.113424126
30.47272727,2.899254437
30.49913636,3.749691603
30.52743182,4.535961417
30.54818182,5.327944762
30.57836364,6.150693276
30.60854545,7.139573702
30.63495455,7.988692361
30.66136364,8.737604469
30.68777273,9.444324347
30.71229545,10.19775705
30.73870455,10.86680529
30.77265909,11.4590034
30.81415909,11.67188239
30.84811364,11.19228822
30.87075,10.45271868
30.87640909,9.766040112
30.89527273,9.054046206
30.90281818,8.373696473
30.91413636,7.424371264
30.92922727,6.395935622
30.93677273,5.378048037
30.94431818,4.550025494
30.95563636,3.500493736
30.9694697,2.503702267
30.97701515,1.586021232
30.98581818,0.8265610651
30.98959091,-0.1508922978
31.00656818,-1.019349063
31.01788636,-1.546751956
31.02228788,-2.42224076
31.03109091,-3.11313855
31.04240909,-3.888420804
31.07447727,-4.834869269
31.11597727,-4.869390186
31.15747727,-4.268150887
31.19897727,-3.825132457
31.24047727,-3.523074436
31.28197727,-3.44252563
31.32347727,-3.23540013
31.36497727,-2.982246741
31.40647727,-2.683065463
31.44797727,-2.435665561
31.48947727,-2.314842352
31.53097727,-2.061688963
31.57247727,-1.831549519
31.61397727,-1.831549519
31.65547727,-1.78552163
31.69697727,-1.704972824
31.73847727,-1.658944935
31.77997727,-1.57839613
31.82147727,-1.647437963
31.86297727,-1.704972824
31.90447727,-1.658944935
31.94597727,-1.57839613
31.98747727,-1.509354296
32.01811364,-1.57839613
32.05961364,-1.57839613
32.10111364,-1.486340352
32.14261364,-1.37127063
32.18411364,-1.161268387
32.22561364,-0.9138684839
32.26711364,-0.7240034422
32.30861364,-0.3126291851
32.3522096,0.1233572069
32.38972727,0.5829009282
32.42179545,1.319306054
32.44631818,2.113424126
32.47272727,2.899254437
32.49913636,3.749691603
32.52743182,4.535961417
32.54818182,5.327944762
32.57836364,6.150693276
32.60854545,7.139573702
32.63495455,7.988692361
32.66136364,8.737604469
32.68777273,9.444324347
32.71229545,10.19775705
32.73870455,10.86680529
32.77265909,11.4590034
32.81415909,11.67188239
32.84811364,11.19228822
32.87075,10.45271868
32.87640909,9.766040112
32.89527273,9.054046206
32.90281818,8.373696473
32.91413636,7.424371264
32.92922727,6.395935622
32.93677273,5.378048037
32.94431818,4.550025494
32.95563636,3.500493736
32.9694697,2.503702267
32.97701515,1.586021232
32.98581818,0.8265610651
32.98959091,-0.1508922978
33.00656818,-1.019349063
33.01788636,-1.546751956
33.02228788,-2.42224076
33.03109091,-3.11313855
33.04240909,-3.888420804
33.07447727,-4.834869269
33.11597727,-4.869390186
33.15747727,-4.268150887
33.19897727,-3.825132457
33.24047727,-3.523074436
33.28197727,-3.44252563
33.32347727,-3.23540013
33.36497727,-2.982246741
33.40647727,-2.683065463
33.44797727,-2.435665561
33.48947727,-2.314842352
33.53097727,-2.061688963
33.57247727,-1.831549519
33.61397727,-1.831549519
33.65547727,-1.78552163
33.69697727,-1.704972824
33.73847727,-1.658944935
33.77997727,-1.57839613
33.82147727,-1.647437963
33.86297727,-1.704972824
33.90447727,-1.658944935
33.94597727,-1.57839613
33.98747727,-1.509354296
34.01811364,-1.57839613
34.05961364,-1.57839613
34.10111364,-1.486340352
34.14261364,-1.37127063
34.18411364,-1.161268387
34.22561364,-0.9138684839
34.26711364,-0.7240034422
34.30861364,-0.3126291851
34.3522096,0.1233572069
34.38972727,0.5829009282
34.42179545,1.319306054
34.44631818,2.113424126
34.47272727,2.899254437
34.49913636,3.749691603
34.52743182,4.535961417
34.54818182,5.327944762
34.57836364,6.150693276
34.60854545,7.139573702
34.63495455,7.988692361
34.66136364,8.737604469
34.68777273,9.444324347
34.71229545,10.19775705
34.73870455,10.86680529
34.77265909,11.4590034
34.81415909,11.67188239
34.84811364,11.19228822
34.87075,10.45271868
34.87640909,9.766040112
34.89527273,9.054046206
34.90281818,8.373696473
34.91413636,7.424371264
34.92922727,6.395935622
34.93677273,5.378048037
34.94431818,4.550025494
34.95563636,3.500493736
34.9694697,2.503702267
34.97701515,1.586021232
34.98581818,0.8265610651
34.98959091,-0.1508922978
35.00656818,-1.019349063
35.01788636,-1.546751956
35.02228788,-2.42224076
35.03109091,-3.11313855
35.04240909,-3.888420804
35.07447727,-4.834869269
35.11597727,-4.869390186
35.15747727,-4.268150887
35.19897727,-3.825132457
35.24047727,-3.523074436
35.28197727,-3.44252563
35.32347727,-3.23540013
35.36497727,-2.982246741
35.40647727,-2.683065463
35.44797727,-2.435665561
35.48947727,-2.314842352
35.53097727,-2.061688963
35.57247727,-1.831549519
35.61397727,-1.831549519
35.65547727,-1.78552163
35.69697727,-1.704972824
35.73847727,-1.658944935
35.77997727,-1.57839613
35.82147727,-1.647437963
35.86297727,-1.704972824
35.90447727,-1.658944935
35.94597727,-1.57839613
35.98747727,-1.509354296
36.01811364,-1.57839613
36.05961364,-1.57839613
36.10111364,-1.486340352
36.14261364,-1.37127063
36.18411364,-1.161268387
36.22561364,-0.9138684839
36.26711364,-0.7240034422
36.30861364,-0.3126291851
36.3522096,0.1233572069
36.38972727,0.5829009282
36.42179545,1.319306054
36.44631818,2.113424126
36.47272727,2.899254437
36.49913636,3.749691603
36.52743182,4.535961417
36.54818182,5.327944762
36.57836364,6.150693276
36.60854545,7.139573702
36.63495455,7.988692361
36.66136364,8.737604469
36.68777273,9.444324347
36.71229545,10.19775705
36.73870455,10.86680529
36.77265909,11.4590034
36.81415909,11.67188239
36.84811364,11.19228822
36.87075,10.45271868
36.87640909,9.766040112
36.89527273,9.054046206
36.90281818,8.373696473
36.91413636,7.424371264
36.92922727,6.395935622
36.93677273,5.378048037
36.94431818,4.550025494
36.95563636,3.500493736
36.9694697,2.503702267
36.97701515,1.586021232
36.98581818,0.8265610651
36.98959091,-0.1508922978
37.00656818,-1.019349063
37.01788636,-1.546751956
37.02228788,-2.42224076
37.03109091,-3.11313855
37.04240909,-3.888420804
37.07447727,-4.834869269
37.11597727,-4.869390186
37.15747727,-4.268150887
37.19897727,-3.825132457
37.24047727,-3.523074436
37.28197727,-3.44252563
37.32347727,-3.23540013
37.36497727,-2.982246741
37.40647727,-2.683065463
37.44797727,-2.435665561
37.48947727,-2.314842352
37.53097727,-2.061688963
37.57247727,-1.831549519
37.61397727,-1.831549519
37.65547727,-1.78552163
37.69697727,-1.704972824
37.73847727,-1.658944935
37.77997727,-1.57839613
37.82147727,-1.647437963
37.86297727,-1.704972824
37.90447727,-1.658944935
37.94597727,-1.57839613
37.98747727,-1.509354296
38.01811364,-1.57839613
38.05961364,-1.57839613
38.10111364,-1.486340352
38.14261364,-1.37127063
38.18411364,-1.161268387
38.22561364,-0.9138684839
38.26711364,-0.7240034422
38.30861364,-0.3126291851
38.3522096,0.1233572069
38.38972727,0.5829009282
38.42179545,1.319306054
38.44631818,2.113424126
38.47272727,2.899254437
38.49913636,3.749691603
38.52743182,4.535961417
38.54818182,5.327944762
38.57836364,6.150693276
38.60854545,7.139573702
38.63495455,7.988692361
38.66136364,8.737604469
38.68777273,9.444324347
38.71229545,10.19775705
38.73870455,10.86680529
38.77265909,11.4590034
38.81415909,11.67188239
38.84811364,11.19228822
38.87075,10.45271868
38.87640909,9.766040112
38.89527273,9.054046206
38.90281818,8.373696473
38.91413636,7.424371264
38.92922727,6.395935622
38.93677273,5.378048037
38.94431818,4.550025494
38.95563636,3.500493736
38.9694697,2.503702267
38.97701515,1.586021232
38.98581818,0.8265610651
38.98959091,-0.1508922978
39.00656818,-1.019349063
39.01788636,-1.546751956
39.02228788,-2.42224076
39.03109091,-3.11313855
39.04240909,-3.888420804
39.07447727,-4.834869269
39.11597727,-4.869390186
39.15747727,-4.268150887
39.19897727,-3.825132457
39.24047727,-3.523074436
39.28197727,-3.44252563
39.32347727,-3.23540013
39.36497727,-2.982246741
39.40647727,-2.683065463
39.44797727,-2.435665561
39.48947727,-2.314842352
39.53097727,-2.061688963
39.57247727,-1.831549519
39.61397727,-1.831549519
39.65547727,-1.78552163
39.69697727,-1.704972824
39.73847727,-1.658944935
39.77997727,-1.57839613
39.82147727,-1.647437963
39.86297727,-1.704972824
39.90447727,-1.658944935
39.94597727,-1.57839613
39.98747727,-1.509354296
40.01811364,-1.57839613
40.05961364,-1.57839613
40.10111364,-1.486340352
40.14261364,-1.37127063
40.18411364,-1.161268387
40.22561364,-0.9138684839
40.26711364,-0.7240034422
40.30861364,-0.3126291851
40.3522096,0.1233572069
40.38972727,0.5829009282
40.42179545,1.319306054
40.44631818,2.113424126
40.47272727,2.899254437
40.49913636,3.749691603
40.52743182,4.535961417
40.54818182,5.327944762
40.57836364,6.150693276
40.60854545,7.139573702
40.63495455,7.988692361
40.66136364,8.737604469
40.68777273,9.444324347
40.71229545,10.19775705
40.73870455,10.86680529
40.77265909,11.4590034
40.81415909,11.67188239
40.84811364,11.19228822
40.87075,10.45271868
40.87640909,9.766040112
40.89527273,9.054046206
40.90281818,8.373696473
40.91413636,7.424371264
40.92922727,6.395935622
40.93677273,5.378048037
40.94431818,4.550025494
40.95563636,3.500493736
40.9694697,2.503702267
40.97701515,1.586021232
40.98581818,0.8265610651
40.98959091,-0.1508922978
41.00656818,-1.019349063
41.01788636,-1.546751956
41.02228788,-2.42224076
41.03109091,-3.11313855
41.04240909,-3.888420804
41.07447727,-4.834869269
41.11597727,-4.869390186
41.15747727,-4.268150887
41.19897727,-3.825132457
41.24047727,-3.523074436
41.28197727,-3.44252563
41.32347727,-3.23540013
41.36497727,-2.982246741
41.40647727,-2.683065463
41.44797727,-2.435665561
41.48947727,-2.314842352
41.53097727,-2.061688963
41.57247727,-1.831549519
41.61397727,-1.831549519
41.65547727,-1.78552163
41.69697727,-1.704972824
41.73847727,-1.658944935
41.77997727,-1.57839613
41.82147727,-1.647437963
41.86297727,-1.704972824
41.90447727,-1.658944935
41.94597727,-1.57839613
41.98747727,-1.509354296
42.01811364,-1.57839613
42.05961364,-1.57839613
42.10111364,-1.486340352
42.14261364,-1.37127063
42.18411364,-1.161268387
42.22561364,-0.9138684839
42.26711364,-0.7240034422
42.30861364,-0.3126291851
42.3522096,0.1233572069
42.38972727,0.5829009282
42.42179545,1.319306054
42.44631818,2.113424126
42.47272727,2.899254437
42.49913636,3.749691603
42.52743182,4.535961417
42.54818182,5.327944762
42.57836364,6.150693276
42.60854545,7.139573702
42.63495455,7.988692361
42.66136364,8.737604469
42.68777273,9.444324347
42.71229545,10.19775705
42.73870455,10.86680529
42.77265909,11.4590034
42.81415909,11.67188239
42.84811364,11.19228822
42.87075,10.45271868
42.87640909,9.766040112
42.89527273,9.054046206
42.90281818,8.373696473
42.91413636,7.424371264
42.92922727,6.395935622
42.93677273,5.378048037
42.94431818,4.550025494
42.95563636,3.500493736
42.9694697,2.503702267
42.97701515,1.586021232
42.98581818,0.8265610651
42.98959091,-0.1508922978
43.00656818,-1.019349063
43.01788636,-1.546751956
43.02228788,-2.42224076
43.03109091,-3.11313855
43.04240909,-3.888420804
43.07447727,-4.834869269
43.11597727,-4.869390186
43.15747727,-4.268150887
43.19897727,-3.825132457
43.24047727,-3.523074436
43.28197727,-3.44252563
43.32347727,-3.23540013
43.36497727,-2.982246741
43.40647727,-2.683065463
43.44797727,-2.435665561
43.48947727,-2.314842352
43.53097727,-2.061688963
43.57247727,-1.831549519
43.61397727,-1.831549519
43.65547727,-1.78552163
43.69697727,-1.704972824
43.73847727,-1.658944935
43.77997727,-1.57839613
43.82147727,-1.647437963
43.86297727,-1.704972824
43.90447727,-1.658944935
43.94597727,-1.57839613
43.98747727,-1.509354296
44.01811364,-1.57839613
44.05961364,-1.57839613
44.10111364,-1.486340352
44.14261364,-1.37127063
44.18411364,-1.161268387
44.22561364,-0.9138684839
44.26711364,-0.7240034422
44.30861364,-0.3126291851
44.3522096,0.1233572069
44.38972727,0.5829009282
44.42179545,1.319306054
44.44631818,2.113424126
44.47272727,2.899254437
44.49913636,3.749691603
44.52743182,4.535961417
44.54818182,5.327944762
44.57836364,6.150693276
44.60854545,7.139573702
44.63495455,7.988692361
44.66136364,8.737604469
44.68777273,9.444324347
44.71229545,10.19775705
44.73870455,10.86680529
44.77265909,11.4590034
44.81415909,11.67188239
44.84811364,11.19228822
44.87075,10.45271868
44.87640909,9.766040112
44.89527273,9.054046206
44.90281818,8.373696473
44.91413636,7.424371264
44.92922727,6.395935622
44.93677273,5.378048037
44.94431818,4.550025494
44.95563636,3.500493736
44.9694697,2.503702267
44.97701515,1.586021232
44.98581818,0.8265610651
44.98959091,-0.1508922978
45.00656818,-1.019349063
45.01788636,-1.546751956
45.02228788,-2.42224076
45.03109091,-3.11313855
45.04240909,-3.888420804
45.07447727,-4.834869269
45.11597727,-4.869390186
45.15747727,-4.268150887
45.19897727,-3.825132457
45.24047727,-3.523074436
45.28197727,-3.44252563
45.32347727,-3.23540013
45.36497727,-2.982246741
45.40647727,-2.683065463
45.44797727,-2.435665561
45.48947727,-2.314842352
45.53097727,-2.061688963
45.57247727,-1.831549519
45.61397727,-1.831549519
45.65547727,-1.78552163
45.69697727,-1.704972824
45.73847727,-1.658944935
45.77997727,-1.57839613
45.82147727,-1.647437963
45.86297727,-1.704972824
45.90447727,-1.658944935
45.94597727,-1.57839613
45.98747727,-1.509354296
46.01811364,-1.57839613
46.05961364,-1.57839613
46.10111364,-1.486340352
46.14261364,-1.37127063
46.18411364,-1.161268387
46.22561364,-0.9138684839
46.26711364,-0.7240034422
46.30861364,-0.3126291851
46.3522096,0.1233572069
46.38972727,0.5829009282
46.42179545,1.319306054
46.44631818,2.113424126
46.47272727,2.899254437
46.49913636,3.749691603
46.52743182,4.535961417
46.54818182,5.327944762
46.57836364,6.150693276
46.60854545,7.139573702
46.63495455,7.988692361
46.66136364,8.737604469
46.68777273,9.444324347
46.71229545,10.19775705
46.73870455,10.86680529
46.77265909,11.4590034
46.81415909,11.67188239
46.84811364,11.19228822
46.87075,10.45271868
46.87640909,9.766040112
46.89527273,9.054046206
46.90281818,8.373696473
46.91413636,7.424371264
46.92922727,6.395935622
46.93677273,5.378048037
46.94431818,4.550025494
46.95563636,3.500493736
46.9694697,2.503702267
46.97701515,1.586021232
46.98581818,0.8265610651
46.98959091,-0.1508922978
47.00656818,-1.019349063
47.01788636,-1.546751956
47.02228788,-2.42224076
47.03109091,-3.11313855
47.04240909,-3.888420804
47.07447727,-4.834869269
47.11597727,-4.869390186
47.15747727,-4.268150887
47.19897727,-3.825132457
47.24047727,-3.523074436
47.28197727,-3.44252563
47.32347727,-3.23540013
47.36497727,-2.982246741
47.40647727,-2.683065463
47.44797727,-2.435665561
47.48947727,-2.314842352
47.53097727,-2.061688963
47.57247727,-1.831549519
47.61397727,-1.831549519
47.65547727,-1.78552163
47.69697727,-1.704972824
47.73847727,-1.658944935
47.77997727,-1.57839613
47.82147727,-1.647437963
47.86297727,-1.704972824
47.90447727,-1.658944935
47.94597727,-1.57839613
47.98747727,-1.509354296
48.01811364,-1.57839613
48.05961364,-1.57839613
48.10111364,-1.486340352
48.14261364,-1.37127063
48.18411364,-1.161268387
48.22561364,-0.9138684839
48.26711364,-0.7240034422
48.30861364,-0.3126291851
48.3522096,0.1233572069
48.38972727,0.5829009282
48.42179545,1.319306054
48.44631818,2.113424126
48.47272727,2.899254437
48.49913636,3.749691603
48.52743182,4.535961417
48.54818182,5.327944762
48.57836364,6.150693276
48.60854545,7.139573702
48.63495455,7.988692361
48.66136364,8.737604469
48.68777273,9.444324347
48.71229545,10.19775705
48.73870455,10.86680529
48.77265909,11.4590034
48.81415909,11.67188239
48.84811364,11.19228822
48.87075,10.45271868
48.87640909,9.766040112
48.89527273,9.054046206
48.90281818,8.373696473
48.91413636,7.424371264
48.92922727,6.395935622
48.93677273,5.378048037
48.94431818,4.550025494
48.95563636,3.500493736
48.9694697,2.503702267
48.97701515,1.586021232
48.98581818,0.8265610651
48.98959091,-0.1508922978
49.00656818,-1.019349063
49.01788636,-1.546751956
49.02228788,-2.42224076
49.03109091,-3.11313855
49.04240909,-3.888420804
49.07447727,-4.834869269
49.11597727,-4.869390186
49.15747727,-4.268150887
49.19897727,-3.825132457
49.24047727,-3.523074436
49.28197727,-3.44252563
49.32347727,-3.23540013
49.36497727,-2.982246741
49.40647727,-2.683065463
49.44797727,-2.435665561
49.48947727,-2.314842352
49.53097727,-2.061688963
49.57247727,-1.831549519
49.61397727,-1.831549519
49.65547727,-1.78552163
49.69697727,-1.704972824
49.73847727,-1.658944935
49.77997727,-1.57839613
49.82147727,-1.647437963
49.86297727,-1.704972824
49.90447727,-1.658944935
49.94597727,-1.57839613
49.98747727,-1.509354296
50.01811364,-1.57839613
50.05961364,-1.57839613
50.10111364,-1.486340352
50.14261364,-1.37127063
50.18411364,-1.161268387
50.22561364,-0.9138684839
50.26711364,-0.7240034422
50.30861364,-0.3126291851
50.3522096,0.1233572069
50.38972727,0.5829009282
50.42179545,1.319306054
50.44631818,2.113424126
50.47272727,2.899254437
50.49913636,3.749691603
50.52743182,4.535961417
50.54818182,5.327944762
50.57836364,6.150693276
50.60854545,7.139573702
50.63495455,7.988692361
50.66136364,8.737604469
50.68777273,9.444324347
50.71229545,10.19775705
50.73870455,10.86680529
50.77265909,11.4590034
50.81415909,11.67188239
50.84811364,11.19228822
50.87075,10.45271868
50.87640909,9.766040112
50.89527273,9.054046206
50.90281818,8.373696473
50.91413636,7.424371264
50.92922727,6.395935622
50.93677273,5.378048037
50.94431818,4.550025494
50.95563636,3.500493736
50.9694697,2.503702267
50.97701515,1.586021232
50.98581818,0.8265610651
50.98959091,-0.1508922978
51.00656818,-1.019349063
51.01788636,-1.546751956
51.02228788,-2.42224076
51.03109091,-3.11313855
51.04240909,-3.888420804
51.07447727,-4.834869269
51.11597727,-4.869390186
51.15747727,-4.268150887
51.19897727,-3.825132457
51.24047727,-3.523074436
51.28197727,-3.44252563
51.32347727,-3.23540013
51.36497727,-2.982246741
51.40647727,-2.683065463
51.44797727,-2.435665561
51.48947727,-2.314842352
51.53097727,-2.061688963
51.57247727,-1.831549519
51.61397727,-1.831549519
51.65547727,-1.78552163
51.69697727,-1.704972824
51.73847727,-1.658944935
51.77997727,-1.57839613
51.82147727,-1.647437963
51.86297727,-1.704972824
51.90447727,-1.658944935
51.94597727,-1.57839613
51.98747727,-1.509354296
52.01811364,-1.57839613
52.05961364,-1.57839613
52.10111364,-1.486340352
52.14261364,-1.37127063
52.18411364,-1.161268387
52.22561364,-0.9138684839
52.26711364,-0.7240034422
52.30861364,-0.3126291851
52.3522096,0.1233572069
52.38972727,0.5829009282
52.42179545,1.319306054
52.44631818,2.113424126
52.47272727,2.899254437
52.49913636,3.749691603
52.52743182,4.535961417
52.54818182,5.327944762
52.57836364,6.150693276
52.60854545,7.139573702
52.63495455,7.988692361
52.66136364,8.737604469
52.68777273,9.444324347
52.71229545,10.19775705
52.73870455,10.86680529
52.77265909,11.4590034
52.81415909,11.67188239
52.84811364,11.19228822
52.87075,10.45271868
52.87640909,9.766040112
52.89527273,9.054046206
52.90281818,8.373696473
52.91413636,7.424371264
52.92922727,6.395935622
52.93677273,5.378048037
52.94431818,4.550025494
52.95563636,3.500493736
52.9694697,2.503702267
52.97701515,1.586021232
52.98581818,0.8265610651
52.98959091,-0.1508922978
53.00656818,-1.019349063
53.01788636,-1.546751956
53.02228788,-2.42224076
53.03109091,-3.11313855
53.04240909,-3.888420804
53.07447727,-4.834869269
53.11597727,-4.869390186
53.15747727,-4.268150887
53.19897727,-3.825132457
53.24047727,-3.523074436
53.28197727,-3.44252563
53.32347727,-3.23540013
53.36497727,-2.982246741
53.40647727,-2.683065463
53.44797727,-2.435665561
53.48947727,-2.314842352
53.53097727,-2.061688963
53.57247727,-1.831549519
53.61397727,-1.831549519
53.65547727,-1.78552163
53.69697727,-1.704972824
53.73847727,-1.658944935
53.77997727,-1.57839613
53.82147727,-1.647437963
53.86297727,-1.704972824
53.90447727,-1.658944935
53.94597727,-1.57839613
53.98747727,-1.509354296
54.01811364,-1.57839613
54.05961364,-1.57839613
54.10111364,-1.486340352
54.14261364,-1.37127063
54.18411364,-1.161268387
54.22561364,-0.9138684839
54.26711364,-0.7240034422
54.30861364,-0.3126291851
54.3522096,0.1233572069
54.38972727,0.5829009282
54.42179545,1.319306054
54.44631818,2.113424126
54.47272727,2.899254437
54.49913636,3.749691603
54.52743182,4.535961417
54.54818182,5.327944762
54.57836364,6.150693276
54.60854545,7.139573702
54.63495455,7.988692361
54.66136364,8.737604469
54.68777273,9.444324347
54.71229545,10.19775705
54.73870455,10.86680529
54.77265909,11.4590034
54.81415909,11.67188239
54.84811364,11.19228822
54.87075,10.45271868
54.87640909,9.766040112
54.89527273,9.054046206
54.90281818,8.373696473
54.91413636,7.424371264
54.92922727,6.395935622
54.93677273,5.378048037
54.94431818,4.550025494
54.95563636,3.500493736
54.9694697,2.503702267
54.97701515,1.586021232
54.98581818,0.8265610651
54.98959091,-0.1508922978
55.00656818,-1.019349063
55.01788636,-1.546751956
55.02228788,-2.42224076
55.03109091,-3.11313855
55.04240909,-3.888420804
55.07447727,-4.834869269
55.11597727,-4.869390186
55.15747727,-4.268150887
55.19897727,-3.825132457
55.24047727,-3.523074436
55.28197727,-3.44252563
55.32347727,-3.23540013
55.36497727,-2.982246741
55.40647727,-2.683065463
55.44797727,-2.435665561
55.48947727,-2.314842352
55.53097727,-2.061688963
55.57247727,-1.831549519
55.61397727,-1.831549519
55.65547727,-1.78552163
55.69697727,-1.704972824
55.73847727,-1.658944935
55.77997727,-1.57839613
55.82147727,-1.647437963
55.86297727,-1.704972824
55.90447727,-1.658944935
55.94597727,-1.57839613
55.98747727,-1.509354296
56.01811364,-1.57839613
56.05961364,-1.57839613
56.10111364,-1.486340352
56.14261364,-1.37127063
56.18411364,-1.161268387
56.22561364,-0.9138684839
56.26711364,-0.7240034422
56.30861364,-0.3126291851
56.3522096,0.1233572069
56.38972727,0.5829009282
56.42179545,1.319306054
56.44631818,2.113424126
56.47272727,2.899254437
56.49913636,3.749691603
56.52743182,4.535961417
56.54818182,5.327944762
56.57836364,6.150693276
56.60854545,7.139573702
56.63495455,7.988692361
56.66136364,8.737604469
56.68777273,9.444324347
56.71229545,10.19775705
56.73870455,10.86680529
56.77265909,11.4590034
56.81415909,11.67188239
56.84811364,11.19228822
56.87075,10.45271868
56.87640909,9.766040112
56.89527273,9.054046206
56.90281818,8.373696473
56.91413636,7.424371264
56.92922727,6.395935622
56.93677273,5.378048037
56.94431818,4.550025494
56.95563636,3.500493736
56.9694697,2.503702267
56.97701515,1.586021232
56.98581818,0.8265610651
56.98959091,-0.1508922978
57.00656818,-1.019349063
57.01788636,-1.546751956
57.02228788,-2.42224076
57.03109091,-3.11313855
57.04240909,-3.888420804
57.07447727,-4.834869269
57.11597727,-4.869390186
57.15747727,-4.268150887
57.19897727,-3.825132457
57.24047727,-3.523074436
57.28197727,-3.44252563
57.32347727,-3.23540013
57.36497727,-2.982246741
57.40647727,-2.683065463
57.44797727,-2.435665561
57.48947727,-2.314842352
57.53097727,-2.061688963
57.57247727,-1.831549519
57.61397727,-1.831549519
57.65547727,-1.78552163
57.69697727,-1.704972824
57.73847727,-1.658944935
57.77997727,-1.57839613
57.82147727,-1.647437963
57.86297727,-1.704972824
57.90447727,-1.658944935
57.94597727,-1.57839613
57.98747727,-1.509354296
58.01811364,-1.57839613
58.05961364,-1.57839613
58.10111364,-1.486340352
58.14261364,-1.37127063
58.18411364,-1.161268387
58.22561364,-0.9138684839
58.26711364,-0.7240034422
58.30861364,-0.3126291851
58.3522096,0.1233572069
58.38972727,0.5829009282
58.42179545,1.319306054
58.44631818,2.113424126
58.47272727,2.899254437
58.49913636,3.749691603
58.52743182,4.535961417
58.54818182,5.327944762
58.57836364,6.150693276
58.60854545,7.139573702
58.63495455,7.988692361
58.66136364,8.737604469
58.68777273,9.444324347
58.71229545,10.19775705
58.73870455,10.86680529
58.77265909,11.4590034
58.81415909,11.67188239
58.84811364,11.19228822
58.87075,10.45271868
58.87640909,9.766040112
58.89527273,9.054046206
58.90281818,8.373696473
58.91413636,7.424371264
58.92922727,6.395935622
58.93677273,5.378048037
58.94431818,4.550025494
58.95563636,3.500493736
58.9694697,2.503702267
58.97701515,1.586021232
58.98581818,0.8265610651
58.98959091,-0.1508922978
59.00656818,-1.019349063
59.01788636,-1.546751956
59.02228788,-2.42224076
59.03109091,-3.11313855
59.04240909,-3.888420804
59.07447727,-4.834869269
59.11597727,-4.869390186
59.15747727,-4.268150887
59.19897727,-3.825132457
59.24047727,-3.523074436
59.28197727,-3.44252563
59.32347727,-3.23540013
59.36497727,-2.982246741
59.40647727,-2.683065463
59.44797727,-2.435665561
59.48947727,-2.314842352
59.53097727,-2.061688963
59.57247727,-1.831549519
59.61397727,-1.831549519
59.65547727,-1.78552163
59.69697727,-1.704972824
59.73847727,-1.658944935
59.77997727,-1.57839613
59.82147727,-1.647437963
59.86297727,-1.704972824
59.90447727,-1.658944935
59.94597727,-1.57839613
59.98747727,-1.509354296
60.01811364,-1.57839613
60.05961364,-1.57839613
60.10111364,-1.486340352
60.14261364,-1.37127063
60.18411364,-1.161268387
60.22561364,-0.9138684839
60.26711364,-0.7240034422
60.30861364,-0.3126291851
60.3522096,0.1233572069
60.38972727,0.5829009282
60.42179545,1.319306054
60.44631818,2.113424126
60.47272727,2.899254437
60.49913636,3.749691603
60.52743182,4.535961417
60.54818182,5.327944762
60.57836364,6.150693276
60.60854545,7.139573702
60.63495455,7.988692361
60.66136364,8.737604469
60.68777273,9.444324347
60.71229545,10.19775705
60.73870455,10.86680529
60.77265909,11.4590034
60.81415909,11.67188239
60.84811364,11.19228822
60.87075,10.45271868
60.87640909,9.766040112
60.89527273,9.054046206
60.90281818,8.373696473
60.91413636,7.424371264
60.92922727,6.395935622
60.93677273,5.378048037
60.94431818,4.550025494
60.95563636,3.500493736
60.9694697,2.503702267
60.97701515,1.586021232
60.98581818,0.8265610651
60.98959091,-0.1508922978
61.00656818,-1.019349063
61.01788636,-1.546751956
61.02228788,-2.42224076
61.03109091,-3.11313855
61.04240909,-3.888420804
61.07447727,-4.834869269
61.11597727,-4.869390186
61.15747727,-4.268150887
61.19897727,-3.825132457
61.24047727,-3.523074436
61.28197727,-3.44252563
61.32347727,-3.23540013
61.36497727,-2.982246741
61.40647727,-2.683065463
61.44797727,-2.435665561
61.48947727,-2.314842352
61.53097727,-2.061688963
61.57247727,-1.831549519
61.61397727,-1.831549519
61.65547727,-1.78552163
61.69697727,-1.704972824
61.73847727,-1.658944935
61.77997727,-1.57839613
61.82147727,-1.647437963
61.86297727,-1.704972824
61.90447727,-1.658944935
61.94597727,-1.57839613
61.98747727,-1.509354296
62.01811364,-1.57839613
62.05961364,-1.57839613
62.10111364,-1.486340352
62.14261364,-1.37127063
62.18411364,-1.161268387
62.22561364,-0.9138684839
62.26711364,-0.7240034422
62.30861364,-0.3126291851
62.3522096,0.1233572069
62.38972727,0.5829009282
62.42179545,1.319306054
62.44631818,2.113424126
62.47272727,2.899254437
62.49913636,3.749691603
62.52743182,4.535961417
62.54818182,5.327944762
62.57836364,6.150693276
62.60854545,7.139573702
62.63495455,7.988692361
62.66136364,8.737604469
62.68777273,9.444324347
62.71229545,10.19775705
62.73870455,10.86680529
62.77265909,11.4590034
62.81415909,11.67188239
62.84811364,11.19228822
62.87075,10.45271868
62.87640909,9.766040112
62.89527273,9.054046206
62.90281818,8.373696473
62.91413636,7.424371264
62.92922727,6.395935622
62.93677273,5.378048037
62.94431818,4.550025494
62.95563636,3.500493736
62.9694697,2.503702267
62.97701515,1.586021232
62.98581818,0.8265610651
62.98959091,-0.1508922978
63.00656818,-1.019349063
63.01788636,-1.546751956
63.02228788,-2.42224076
63.03109091,-3.11313855
63.04240909,-3.888420804
63.07447727,-4.834869269
63.11597727,-4.869390186
63.15747727,-4.268150887
63.19897727,-3.825132457
63.24047727,-3.523074436
63.28197727,-3.44252563
63.32347727,-3.23540013
63.36497727,-2.982246741
63.40647727,-2.683065463
63.44797727,-2.435665561
63.48947727,-2.314842352
63.53097727,-2.061688963
63.57247727,-1.831549519
63.61397727,-1.831549519
63.65547727,-1.78552163
63.69697727,-1.704972824
63.73847727,-1.658944935
63.77997727,-1.57839613
63.82147727,-1.647437963
63.86297727,-1.704972824
63.90447727,-1.658944935
63.94597727,-1.57839613
63.98747727,-1.509354296
64.01811364,-1.57839613
64.05961364,-1.57839613
64.10111364,-1.486340352
64.14261364,-1.37127063
64.18411364,-1.161268387
64.22561364,-0.9138684839
64.26711364,-0.7240034422
64.30861364,-0.3126291851
64.3522096,0.1233572069
64.38972727,0.5829009282
64.42179545,1.319306054
64.44631818,2.113424126
64.47272727,2.899254437
64.49913636,3.749691603
64.52743182,4.535961417
64.54818182,5.327944762
64.57836364,6.150693276
64.60854545,7.139573702
64.63495455,7.988692361
64.66136364,8.737604469
64.68777273,9.444324347
64.71229545,10.19775705
64.73870455,10.86680529
64.77265909,11.4590034
64.81415909,11.67188239
64.84811364,11.19228822
64.87075,10.45271868
64.87640909,9.766040112
64.89527273,9.054046206
64.90281818,8.373696473
64.91413636,7.424371264
64.92922727,6.395935622
64.93677273,5.378048037
64.94431818,4.550025494
64.95563636,3.500493736
64.9694697,2.503702267
64.97701515,1.586021232
64.98581818,0.8265610651
64.98959091,-0.1508922978
65.00656818,-1.019349063
65.01788636,-1.546751956
65.02228788,-2.42224076
65.03109091,-3.11313855
65.04240909,-3.888420804
65.07447727,-4.834869269
65.11597727,-4.869390186
65.15747727,-4.268150887
65.19897727,-3.825132457
65.24047727,-3.523074436
65.28197727,-3.44252563
65.32347727,-3.23540013
65.36497727,-2.982246741
65.40647727,-2.683065463
65.44797727,-2.435665561
65.48947727,-2.314842352
65.53097727,-2.061688963
65.57247727,-1.831549519
65.61397727,-1.831549519
65.65547727,-1.78552163
65.69697727,-1.704972824
65.73847727,-1.658944935
65.77997727,-1.57839613
65.82147727,-1.647437963
65.86297727,-1.704972824
65.90447727,-1.658944935
65.94597727,-1.57839613
65.98747727,-1.509354296
66.01811364,-1.57839613
66.05961364,-1.57839613
66.10111364,-1.486340352
66.14261364,-1.37127063
66.18411364,-1.161268387
66.22561364,-0.9138684839
66.26711364,-0.7240034422
66.30861364,-0.3126291851
66.3522096,0.1233572069
66.38972727,0.5829009282
66.42179545,1.319306054
66.44631818,2.113424126
66.47272727,2.899254437
66.49913636,3.749691603
66.52743182,4.535961417
66.54818182,5.327944762
66.57836364,6.150693276
66.60854545,7.139573702
66.63495455,7.988692361
66.66136364,8.737604469
66.68777273,9.444324347
66.71229545,10.19775705
66.73870455,10.86680529
66.77265909,11.4590034
66.81415909,11.67188239
66.84811364,11.19228822
66.87075,10.45271868
66.87640909,9.766040112
66.89527273,9.054046206
66.90281818,8.373696473
66.91413636,7.424371264
66.92922727,6.395935622
66.93677273,5.378048037
66.94431818,4.550025494
66.95563636,3.500493736
66.9694697,2.503702267
66.97701515,1.586021232
66.98581818,0.8265610651
66.98959091,-0.1508922978
67.00656818,-1.019349063
67.01788636,-1.546751956
67.02228788,-2.42224076
67.03109091,-3.11313855
67.04240909,-3.888420804
67.07447727,-4.834869269
67.11597727,-4.869390186
67.15747727,-4.268150887
67.19897727,-3.825132457
67.24047727,-3.523074436
67.28197727,-3.44252563
67.32347727,-3.23540013
67.36497727,-2.982246741
67.40647727,-2.683065463
67.44797727,-2.435665561
67.48947727,-2.314842352
67.53097727,-2.061688963
67.57247727,-1.831549519
67.61397727,-1.831549519
67.65547727,-1.78552163
67.69697727,-1.704972824
67.73847727,-1.658944935
67.77997727,-1.57839613
67.82147727,-1.647437963
67.86297727,-1.704972824
67.90447727,-1.658944935
67.94597727,-1.57839613
67.98747727,-1.509354296
68.01811364,-1.57839613
68.05961364,-1.57839613
68.10111364,-1.486340352
68.14261364,-1.37127063
68.18411364,-1.161268387
68.22561364,-0.9138684839
68.26711364,-0.7240034422
68.30861364,-0.3126291851
68.3522096,0.1233572069
68.38972727,0.5829009282
68.42179545,1.319306054
68.44631818,2.113424126
68.47272727,2.899254437
68.49913636,3.749691603
68.52743182,4.535961417
68.54818182,5.327944762
68.57836364,6.150693276
68.60854545,7.139573702
68.63495455,7.988692361
68.66136364,8.737604469
68.68777273,9.444324347
68.71229545,10.19775705
68.73870455,10.86680529
68.77265909,11.4590034
68.81415909,11.67188239
68.84811364,11.19228822
68.87075,10.45271868
68.87640909,9.766040112
68.89527273,9.054046206
68.90281818,8.373696473
68.91413636,7.424371264
68.92922727,6.395935622
68.93677273,5.378048037
68.94431818,4.550025494
68.95563636,3.500493736
68.9694697,2.503702267
68.97701515,1.586021232
68.98581818,0.8265610651
68.98959091,-0.1508922978
69.00656818,-1.019349063
69.01788636,-1.546751956
69.02228788,-2.42224076
69.03109091,-3.11313855
69.04240909,-3.888420804
69.07447727,-4.834869269
69.11597727,-4.869390186
69.15747727,-4.268150887
69.19897727,-3.825132457
69.24047727,-3.523074436
69.28197727,-3.44252563
69.32347727,-3.23540013
69.36497727,-2.982246741
69.40647727,-2.683065463
69.44797727,-2.435665561
69.48947727,-2.314842352
69.53097727,-2.061688963
69.57247727,-1.831549519
69.61397727,-1.831549519
69.65547727,-1.78552163
69.69697727,-1.704972824
69.73847727,-1.658944935
69.77997727,-1.57839613
69.82147727,-1.647437963
69.86297727,-1.704972824
69.90447727,-1.658944935
69.94597727,-1.57839613
69.98747727,-1.509354296
70.01811364,-1.57839613
70.05961364,-1.57839613
70.10111364,-1.486340352
70.14261364,-1.37127063
70.18411364,-1.161268387
70.22561364,-0.9138684839
70.26711364,-0.7240034422
70.30861364,-0.3126291851
70.3522096,0.1233572069
70.38972727,0.5829009282
70.42179545,1.319306054
70.44631818,2.113424126
70.47272727,2.899254437
70.49913636,3.749691603
70.52743182,4.535961417
70.54818182,5.327944762
70.57836364,6.150693276
70.60854545,7.139573702
70.63495455,7.988692361
70.66136364,8.737604469
70.68777273,9.444324347
70.71229545,10.19775705
70.73870455,10.86680529
70.77265909,11.4590034
70.81415909,11.67188239
70.84811364,11.19228822
70.87075,10.45271868
70.87640909,9.766040112
70.89527273,9.054046206
70.90281818,8.373696473
70.91413636,7.424371264
70.92922727,6.395935622
70.93677273,5.378048037
70.94431818,4.550025494
70.95563636,3.500493736
70.9694697,2.503702267
70.97701515,1.586021232
70.98581818,0.8265610651
70.98959091,-0.1508922978
71.00656818,-1.019349063
71.01788636,-1.546751956
71.02228788,-2.42224076
71.03109091,-3.11313855
71.04240909,-3.888420804
71.07447727,-4.834869269
71.11597727,-4.869390186
71.15747727,-4.268150887
71.19897727,-3.825132457
71.24047727,-3.523074436
71.28197727,-3.44252563
71.32347727,-3.23540013
71.36497727,-2.982246741
71.40647727,-2.683065463
71.44797727,-2.435665561
71.48947727,-2.314842352
71.53097727,-2.061688963
71.57247727,-1.831549519
71.61397727,-1.831549519
71.65547727,-1.78552163
71.69697727,-1.704972824
71.73847727,-1.658944935
71.77997727,-1.57839613
71.82147727,-1.647437963
71.86297727,-1.704972824
71.90447727,-1.658944935
71.94597727,-1.57839613
71.98747727,-1.509354296
72.01811364,-1.57839613
72.05961364,-1.57839613
72.10111364,-1.486340352
72.14261364,-1.37127063
72.18411364,-1.161268387
72.22561364,-0.9138684839
72.26711364,-0.7240034422
72.30861364,-0.3126291851
72.3522096,0.1233572069
72.38972727,0.5829009282
72.42179545,1.319306054
72.44631818,2.113424126
72.47272727,2.899254437
72.49913636,3.749691603
72.52743182,4.535961417
72.54818182,5.327944762
72.57836364,6.150693276
72.60854545,7.139573702
72.63495455,7.988692361
72.66136364,8.737604469
72.68777273,9.444324347
72.71229545,10.19775705
72.73870455,10.86680529
72.77265909,11.4590034
72.81415909,11.67188239
72.84811364,11.19228822
72.87075,10.45271868
72.87640909,9.766040112
72.89527273,9.054046206
72.90281818,8.373696473
72.91413636,7.424371264
72.92922727,6.395935622
72.93677273,5.378048037
72.94431818,4.550025494
72.95563636,3.500493736
72.9694697,2.503702267
72.97701515,1.586021232
72.98581818,0.8265610651
72.98959091,-0.1508922978
73.00656818,-1.019349063
73.01788636,-1.546751956
73.02228788,-2.42224076
73.03109091,-3.11313855
73.04240909,-3.888420804
73.07447727,-4.834869269
73.11597727,-4.869390186
73.15747727,-4.268150887
73.19897727,-3.825132457
73.24047727,-3.523074436
73.28197727,-3.44252563
73.32347727,-3.23540013
73.36497727,-2.982246741
73.40647727,-2.683065463
73.44797727,-2.435665561
73.48947727,-2.314842352
73.53097727,-2.061688963
73.57247727,-1.831549519
73.61397727,-1.831549519
73.65547727,-1.78552163
73.69697727,-1.704972824
73.73847727,-1.658944935
73.77997727,-1.57839613
73.82147727,-1.647437963
73.86297727,-1.704972824
73.90447727,-1.658944935
73.94597727,-1.57839613
73.98747727,-1.509354296
74.01811364,-1.57839613
74.05961364,-1.57839613
74.10111364,-1.486340352
74.14261364,-1.37127063
74.18411364,-1.161268387
74.22561364,-0.9138684839
74.26711364,-0.7240034422
74.30861364,-0.3126291851
74.3522096,0.1233572069
74.38972727,0.5829009282
74.42179545,1.319306054
74.44631818,2.113424126
74.47272727,2.899254437
74.49913636,3.749691603
74.52743182,4.535961417
74.54818182,5.327944762
74.57836364,6.150693276
74.60854545,7.139573702
74.63495455,7.988692361
74.66136364,8.737604469
74.68777273,9.444324347
74.71229545,10.19775705
74.73870455,10.86680529
74.77265909,11.4590034
74.81415909,11.67188239
74.84811364,11.19228822
74.87075,10.45271868
74.87640909,9.766040112
74.89527273,9.054046206
74.90281818,8.373696473
74.91413636,7.424371264
74.92922727,6.395935622
74.93677273,5.378048037
74.94431818,4.550025494
74.95563636,3.500493736
74.9694697,2.503702267
74.97701515,1.586021232
74.98581818,0.8265610651
74.98959091,-0.1508922978
75.00656818,-1.019349063
75.01788636,-1.546751956
75.02228788,-2.42224076
75.03109091,-3.11313855
75.04240909,-3.888420804
75.07447727,-4.834869269
75.11597727,-4.869390186
75.15747727,-4.268150887
75.19897727,-3.825132457
75.24047727,-3.523074436
75.28197727,-3.44252563
75.32347727,-3.23540013
75.36497727,-2.982246741
75.40647727,-2.683065463
75.44797727,-2.435665561
75.48947727,-2.314842352
75.53097727,-2.061688963
75.57247727,-1.831549519
75.61397727,-1.831549519
75.65547727,-1.78552163
75.69697727,-1.704972824
75.73847727,-1.658944935
75.77997727,-1.57839613
75.82147727,-1.647437963
75.86297727,-1.704972824
75.90447727,-1.658944935
75.94597727,-1.57839613
75.98747727,-1.509354296
76.01811364,-1.57839613
76.05961364,-1.57839613
76.10111364,-1.486340352
76.14261364,-1.37127063
76.18411364,-1.161268387
76.22561364,-0.9138684839
76.26711364,-0.7240034422
76.30861364,-0.3126291851
76.3522096,0.1233572069
76.38972727,0.5829009282
76.42179545,1.319306054
76.44631818,2.113424126
76.47272727,2.899254437
76.49913636,3.749691603
76.52743182,4.535961417
76.54818182,5.327944762
76.57836364,6.150693276
76.60854545,7.139573702
76.63495455,7.988692361
76.66136364,8.737604469
76.68777273,9.444324347
76.71229545,10.19775705
76.73870455,10.86680529
76.77265909,11.4590034
76.81415909,11.67188239
76.84811364,11.19228822
76.87075,10.45271868
76.87640909,9.766040112
76.89527273,9.054046206
76.90281818,8.373696473
76.91413636,7.424371264
76.92922727,6.395935622
76.93677273,5.378048037
76.94431818,4.550025494
76.95563636,3.500493736
76.9694697,2.503702267
76.97701515,1.586021232
76.98581818,0.8265610651
76.98959091,-0.1508922978
77.00656818,-1.019349063
77.01788636,-1.546751956
77.02228788,-2.42224076
77.03109091,-3.11313855
77.04240909,-3.888420804
77.07447727,-4.834869269
77.11597727,-4.869390186
77.15747727,-4.268150887
77.19897727,-3.825132457
77.24047727,-3.523074436
77.28197727,-3.44252563
77.32347727,-3.23540013
77.36497727,-2.982246741
77.40647727,-2.683065463
77.44797727,-2.435665561
77.48947727,-2.314842352
77.53097727,-2.061688963
77.57247727,-1.831549519
77.61397727,-1.831549519
77.65547727,-1.78552163
77.69697727,-1.704972824
77.73847727,-1.658944935
77.77997727,-1.57839613
77.82147727,-1.647437963
77.86297727,-1.704972824
77.90447727,-1.658944935
77.94597727,-1.57839613
77.98747727,-1.509354296
78.01811364,-1.57839613
78.05961364,-1.57839613
78.10111364,-1.486340352
78.14261364,-1.37127063
78.18411364,-1.161268387
78.22561364,-0.9138684839
78.26711364,-0.7240034422
78.30861364,-0.3126291851
78.3522096,0.1233572069
78.38972727,0.5829009282
78.42179545,1.319306054
78.44631818,2.113424126
78.47272727,2.899254437
78.49913636,3.749691603
78.52743182,4.535961417
78.54818182,5.327944762
78.57836364,6.150693276
78.60854545,7.139573702
78.63495455,7.988692361
78.66136364,8.737604469
78.68777273,9.444324347
78.71229545,10.19775705
78.73870455,10.86680529
78.77265909,11.4590034
78.81415909,11.67188239
78.84811364,11.19228822
78.87075,10.45271868
78.87640909,9.766040112
78.89527273,9.054046206
78.90281818,8.373696473
78.91413636,7.424371264
78.92922727,6.395935622
78.93677273,5.378048037
78.94431818,4.550025494
78.95563636,3.500493736
78.9694697,2.503702267
78.97701515,1.586021232
78.98581818,0.8265610651
78.98959091,-0.1508922978
79.00656818,-1.019349063
79.01788636,-1.546751956
79.02228788,-2.42224076
79.03109091,-3.11313855
79.04240909,-3.888420804
79.07447727,-4.834869269
79.11597727,-4.869390186
79.15747727,-4.268150887
79.19897727,-3.825132457
79.24047727,-3.523074436
79.28197727,-3.44252563
79.32347727,-3.23540013
79.36497727,-2.982246741
79.40647727,-2.683065463
79.44797727,-2.435665561
79.48947727,-2.314842352
79.53097727,-2.061688963
79.57247727,-1.831549519
79.61397727,-1.831549519
79.65547727,-1.78552163
79.69697727,-1.704972824
79.73847727,-1.658944935
79.77997727,-1.57839613
79.82147727,-1.647437963
79.86297727,-1.704972824
79.90447727,-1.658944935
79.94597727,-1.57839613
79.98747727,-1.509354296
80.01811364,-1.57839613
80.05961364,-1.57839613
80.10111364,-1.486340352
80.14261364,-1.37127063
80.18411364,-1.161268387
80.22561364,-0.9138684839
80.26711364,-0.7240034422
80.30861364,-0.3126291851
80.3522096,0.1233572069
80.38972727,0.5829009282
80.42179545,1.319306054
80.44631818,2.113424126
80.47272727,2.899254437
80.49913636,3.749691603
80.52743182,4.535961417
80.54818182,5.327944762
80.57836364,6.150693276
80.60854545,7.139573702
80.63495455,7.988692361
80.66136364,8.737604469
80.68777273,9.444324347
80.71229545,10.19775705
80.73870455,10.86680529
80.77265909,11.4590034
80.81415909,11.67188239
80.84811364,11.19228822
80.87075,10.45271868
80.87640909,9.766040112
80.89527273,9.054046206
80.90281818,8.373696473
80.91413636,7.424371264
80.92922727,6.395935622
80.93677273,5.378048037
80.94431818,4.550025494
80.95563636,3.500493736
80.9694697,2.503702267
80.97701515,1.586021232
80.98581818,0.8265610651
80.98959091,-0.1508922978
81.00656818,-1.019349063
81.01788636,-1.546751956
81.02228788,-2.42224076
81.03109091,-3.11313855
81.04240909,-3.888420804
81.07447727,-4.834869269
81.11597727,-4.869390186
81.15747727,-4.268150887
81.19897727,-3.825132457
81.24047727,-3.523074436
81.28197727,-3.44252563
81.32347727,-3.23540013
81.36497727,-2.982246741
81.40647727,-2.683065463
81.44797727,-2.435665561
81.48947727,-2.314842352
81.53097727,-2.061688963
81.57247727,-1.831549519
81.61397727,-1.831549519
81.65547727,-1.78552163
81.69697727,-1.704972824
81.73847727,-1.658944935
81.77997727,-1.57839613
81.82147727,-1.647437963
81.86297727,-1.704972824
81.90447727,-1.658944935
81.94597727,-1.57839613
81.98747727,-1.509354296
82.01811364,-1.57839613
82.05961364,-1.57839613
82.10111364,-1.486340352
82.14261364,-1.37127063
82.18411364,-1.161268387
82.22561364,-0.9138684839
82.26711364,-0.7240034422
82.30861364,-0.3126291851
82.3522096,0.1233572069
82.38972727,0.5829009282
82.42179545,1.319306054
82.44631818,2.113424126
82.47272727,2.899254437
82.49913636,3.749691603
82.52743182,4.535961417
82.54818182,5.327944762
82.57836364,6.150693276
82.60854545,7.139573702
82.63495455,7.988692361
82.66136364,8.737604469
82.68777273,9.444324347
82.71229545,10.19775705
82.73870455,10.86680529
82.77265909,11.4590034
82.81415909,11.67188239
82.84811364,11.19228822
82.87075,10.45271868
82.87640909,9.766040112
82.89527273,9.054046206
82.90281818,8.373696473
82.91413636,7.424371264
82.92922727,6.395935622
82.93677273,5.378048037
82.94431818,4.550025494
82.95563636,3.500493736
82.9694697,2.503702267
82.97701515,1.586021232
82.98581818,0.8265610651
82.98959091,-0.1508922978
83.00656818,-1.019349063
83.01788636,-1.546751956
83.02228788,-2.42224076
83.03109091,-3.11313855
83.04240909,-3.888420804
83.07447727,-4.834869269
83.11597727,-4.869390186
83.15747727,-4.268150887
83.19897727,-3.825132457
83.24047727,-3.523074436
83.28197727,-3.44252563
83.32347727,-3.23540013
83.36497727,-2.982246741
83.40647727,-2.683065463
83.44797727,-2.435665561
83.48947727,-2.314842352
83.53097727,-2.061688963
83.57247727,-1.831549519
83.61397727,-1.831549519
83.65547727,-1.78552163
83.69697727,-1.704972824
83.73847727,-1.658944935
83.77997727,-1.57839613
83.82147727,-1.647437963
83.86297727,-1.704972824
83.90447727,-1.658944935
83.94597727,-1.57839613
83.98747727,-1.509354296
84.01811364,-1.57839613
84.05961364,-1.57839613
84.10111364,-1.486340352
84.14261364,-1.37127063
84.18411364,-1.161268387
84.22561364,-0.9138684839
84.26711364,-0.7240034422
84.30861364,-0.3126291851
84.3522096,0.1233572069
84.38972727,0.5829009282
84.42179545,1.319306054
84.44631818,2.113424126
84.47272727,2.899254437
84.49913636,3.749691603
84.52743182,4.535961417
84.54818182,5.327944762
84.57836364,6.150693276
84.60854545,7.139573702
84.63495455,7.988692361
84.66136364,8.737604469
84.68777273,9.444324347
84.71229545,10.19775705
84.73870455,10.86680529
84.77265909,11.4590034
84.81415909,11.67188239
84.84811364,11.19228822
84.87075,10.45271868
84.87640909,9.766040112
84.89527273,9.054046206
84.90281818,8.373696473
84.91413636,7.424371264
84.92922727,6.395935622
84.93677273,5.378048037
84.94431818,4.550025494
84.95563636,3.500493736
84.9694697,2.503702267
84.97701515,1.586021232
84.98581818,0.8265610651
84.98959091,-0.1508922978
85.00656818,-1.019349063
85.01788636,-1.546751956
85.02228788,-2.42224076
85.03109091,-3.11313855
85.04240909,-3.888420804
85.07447727,-4.834869269
85.11597727,-4.869390186
85.15747727,-4.268150887
85.19897727,-3.825132457
85.24047727,-3.523074436
85.28197727,-3.44252563
85.32347727,-3.23540013
85.36497727,-2.982246741
85.40647727,-2.683065463
85.44797727,-2.435665561
85.48947727,-2.314842352
85.53097727,-2.061688963
85.57247727,-1.831549519
85.61397727,-1.831549519
85.65547727,-1.78552163
85.69697727,-1.704972824
85.73847727,-1.658944935
85.77997727,-1.57839613
85.82147727,-1.647437963
85.86297727,-1.704972824
85.90447727,-1.658944935
85.94597727,-1.57839613
85.98747727,-1.509354296
86.01811364,-1.57839613
86.05961364,-1.57839613
86.10111364,-1.486340352
86.14261364,-1.37127063
86.18411364,-1.161268387
86.22561364,-0.9138684839
86.26711364,-0.7240034422
86.30861364,-0.3126291851
86.3522096,0.1233572069
86.38972727,0.5829009282
86.42179545,1.319306054
86.44631818,2.113424126
86.47272727,2.899254437
86.49913636,3.749691603
86.52743182,4.535961417
86.54818182,5.327944762
86.57836364,6.150693276
86.60854545,7.139573702
86.63495455,7.988692361
86.66136364,8.737604469
86.68777273,9.444324347
86.71229545,10.19775705
86.73870455,10.86680529
86.77265909,11.4590034
86.81415909,11.67188239
86.84811364,11.19228822
86.87075,10.45271868
86.87640909,9.766040112
86.89527273,9.054046206
86.90281818,8.373696473
86.91413636,7.424371264
86.92922727,6.395935622
86.93677273,5.378048037
86.94431818,4.550025494
86.95563636,3.500493736
86.9694697,2.503702267
86.97701515,1.586021232
86.98581818,0.8265610651
86.98959091,-0.1508922978
87.00656818,-1.019349063
87.01788636,-1.546751956
87.02228788,-2.42224076
87.03109091,-3.11313855
87.04240909,-3.888420804
87.07447727,-4.834869269
87.11597727,-4.869390186
87.15747727,-4.268150887
87.19897727,-3.825132457
87.24047727,-3.523074436
87.28197727,-3.44252563
87.32347727,-3.23540013
87.36497727,-2.982246741
87.40647727,-2.683065463
87.44797727,-2.435665561
87.48947727,-2.314842352
87.53097727,-2.061688963
87.57247727,-1.831549519
87.61397727,-1.831549519
87.65547727,-1.78552163
87.69697727,-1.704972824
87.73847727,-1.658944935
87.77997727,-1.57839613
87.82147727,-1.647437963
87.86297727,-1.704972824
87.90447727,-1.658944935
87.94597727,-1.57839613
87.98747727,-1.509354296
88.01811364,-1.57839613
88.05961364,-1.57839613
88.10111364,-1.486340352
88.14261364,-1.37127063
88.18411364,-1.161268387
88.22561364,-0.9138684839
88.26711364,-0.7240034422
88.30861364,-0.3126291851
88.3522096,0.1233572069
88.38972727,0.5829009282
88.42179545,1.319306054
88.44631818,2.113424126
88.47272727,2.899254437
88.49913636,3.749691603
88.52743182,4.535961417
88.54818182,5.327944762
88.57836364,6.150693276
88.60854545,7.139573702
88.63495455,7.988692361
88.66136364,8.737604469
88.68777273,9.444324347
88.71229545,10.19775705
88.73870455,10.86680529
88.77265909,11.4590034
88.81415909,11.67188239
88.84811364,11.19228822
88.87075,10.45271868
88.87640909,9.766040112
88.89527273,9.054046206
88.90281818,8.373696473
88.91413636,7.424371264
88.92922727,6.395935622
88.93677273,5.378048037
88.94431818,4.550025494
88.95563636,3.500493736
88.9694697,2.503702267
88.97701515,1.586021232
88.98581818,0.8265610651
88.98959091,-0.1508922978
89.00656818,-1.019349063
89.01788636,-1.546751956
89.02228788,-2.42224076
89.03109091,-3.11313855
89.04240909,-3.888420804
89.07447727,-4.834869269
89.11597727,-4.869390186
89.15747727,-4.268150887
89.19897727,-3.825132457
89.24047727,-3.523074436
89.28197727,-3.44252563
89.32347727,-3.23540013
89.36497727,-2.982246741
89.40647727,-2.683065463
89.44797727,-2.435665561
89.48947727,-2.314842352
89.53097727,-2.061688963
89.57247727,-1.831549519
89.61397727,-1.831549519
89.65547727,-1.78552163
89.69697727,-1.704972824
89.73847727,-1.658944935
89.77997727,-1.57839613
89.82147727,-1.647437963
89.86297727,-1.704972824
89.90447727,-1.658944935
89.94597727,-1.57839613
89.98747727,-1.509354296
90.01811364,-1.57839613
90.05961364,-1.57839613
90.10111364,-1.486340352
90.14261364,-1.37127063
90.18411364,-1.161268387
90.22561364,-0.9138684839
90.26711364,-0.7240034422
90.30861364,-0.3126291851
90.3522096,0.1233572069
90.38972727,0.5829009282
90.42179545,1.319306054
90.44631818,2.113424126
90.47272727,2.899254437
90.49913636,3.749691603
90.52743182,4.535961417
90.54818182,5.327944762
90.57836364,6.150693276
90.60854545,7.139573702
90.63495455,7.988692361
90.66136364,8.737604469
90.68777273,9.444324347
90.71229545,10.19775705
90.73870455,10.86680529
90.77265909,11.4590034
90.81415909,11.67188239
90.84811364,11.19228822
90.87075,10.45271868
90.87640909,9.766040112
90.89527273,9.054046206
90.90281818,8.373696473
90.91413636,7.424371264
90.92922727,6.395935622
90.93677273,5.378048037
90.94431818,4.550025494
90.95563636,3.500493736
90.9694697,2.503702267
90.97701515,1.586021232
90.98581818,0.8265610651
90.98959091,-0.1508922978
91.00656818,-1.019349063
91.01788636,-1.546751956
91.02228788,-2.42224076
91.03109091,-3.11313855
91.04240909,-3.888420804
91.07447727,-4.834869269
91.11597727,-4.869390186
91.15747727,-4.268150887
91.19897727,-3.825132457
91.24047727,-3.523074436
91.28197727,-3.44252563
91.32347727,-3.23540013
91.36497727,-2.982246741
91.40647727,-2.683065463
91.44797727,-2.435665561
91.48947727,-2.314842352
91.53097727,-2.061688963
91.57247727,-1.831549519
91.61397727,-1.831549519
91.65547727,-1.78552163
91.69697727,-1.704972824
91.73847727,-1.658944935
91.77997727,-1.57839613
91.82147727,-1.647437963
91.86297727,-1.704972824
91.90447727,-1.658944935
91.94597727,-1.57839613
91.98747727,-1.509354296
92.01811364,-1.57839613
92.05961364,-1.57839613
92.10111364,-1.486340352
92.14261364,-1.37127063
92.18411364,-1.161268387
92.22561364,-0.9138684839
92.26711364,-0.7240034422
92.30861364,-0.3126291851
92.3522096,0.1233572069
92.38972727,0.5829009282
92.42179545,1.319306054
92.44631818,2.113424126
92.47272727,2.899254437
92.49913636,3.749691603
92.52743182,4.535961417
92.54818182,5.327944762
92.57836364,6.150693276
92.60854545,7.139573702
92.63495455,7.988692361
92.66136364,8.737604469
92.68777273,9.444324347
92.71229545,10.19775705
92.73870455,10.86680529
92.77265909,11.4590034
92.81415909,11.67188239
92.84811364,11.19228822
92.87075,10.45271868
92.87640909,9.766040112
92.89527273,9.054046206
92.90281818,8.373696473
92.91413636,7.424371264
92.92922727,6.395935622
92.93677273,5.378048037
92.94431818,4.550025494
92.95563636,3.500493736
92.9694697,2.503702267
92.97701515,1.586021232
92.98581818,0.8265610651
92.98959091,-0.1508922978
93.00656818,-1.019349063
93.01788636,-1.546751956
93.02228788,-2.42224076
93.03109091,-3.11313855
93.04240909,-3.888420804
93.07447727,-4.834869269
93.11597727,-4.869390186
93.15747727,-4.268150887
93.19897727,-3.825132457
93.24047727,-3.523074436
93.28197727,-3.44252563
93.32347727,-3.23540013
93.36497727,-2.982246741
93.40647727,-2.683065463
93.44797727,-2.435665561
93.48947727,-2.314842352
93.53097727,-2.061688963
93.57247727,-1.831549519
93.61397727,-1.831549519
93.65547727,-1.78552163
93.69697727,-1.704972824
93.73847727,-1.658944935
93.77997727,-1.57839613
93.82147727,-1.647437963
93.86297727,-1.704972824
93.90447727,-1.658944935
93.94597727,-1.57839613
93.98747727,-1.509354296
94.01811364,-1.57839613
94.05961364,-1.57839613
94.10111364,-1.486340352
94.14261364,-1.37127063
94.18411364,-1.161268387
94.22561364,-0.9138684839
94.26711364,-0.7240034422
94.30861364,-0.3126291851
94.3522096,0.1233572069
94.38972727,0.5829009282
94.42179545,1.319306054
94.44631818,2.113424126
94.47272727,2.899254437
94.49913636,3.749691603
94.52743182,4.535961417
94.54818182,5.327944762
94.57836364,6.150693276
94.60854545,7.139573702
94.63495455,7.988692361
94.66136364,8.737604469
94.68777273,9.444324347
94.71229545,10.19775705
94.73870455,10.86680529
94.77265909,11.4590034
94.81415909,11.67188239
94.84811364,11.19228822
94.87075,10.45271868
94.87640909,9.766040112
94.89527273,9.054046206
94.90281818,8.373696473
94.91413636,7.424371264
94.92922727,6.395935622
94.93677273,5.378048037
94.94431818,4.550025494
94.95563636,3.500493736
94.9694697,2.503702267
94.97701515,1.586021232
94.98581818,0.8265610651
94.98959091,-0.1508922978
95.00656818,-1.019349063
95.01788636,-1.546751956
95.02228788,-2.42224076
95.03109091,-3.11313855
95.04240909,-3.888420804
95.07447727,-4.834869269
95.11597727,-4.869390186
95.15747727,-4.268150887
95.19897727,-3.825132457
95.24047727,-3.523074436
95.28197727,-3.44252563
95.32347727,-3.23540013
95.36497727,-2.982246741
95.40647727,-2.683065463
95.44797727,-2.435665561
95.48947727,-2.314842352
95.53097727,-2.061688963
95.57247727,-1.831549519
95.61397727,-1.831549519
95.65547727,-1.78552163
95.69697727,-1.704972824
95.73847727,-1.658944935
95.77997727,-1.57839613
95.82147727,-1.647437963
95.86297727,-1.704972824
95.90447727,-1.658944935
95.94597727,-1.57839613
95.98747727,-1.509354296
96.01811364,-1.57839613
96.05961364,-1.57839613
96.10111364,-1.486340352
96.14261364,-1.37127063
96.18411364,-1.161268387
96.22561364,-0.9138684839
96.26711364,-0.7240034422
96.30861364,-0.3126291851
96.3522096,0.1233572069
96.38972727,0.5829009282
96.42179545,1.319306054
96.44631818,2.113424126
96.47272727,2.899254437
96.49913636,3.749691603
96.52743182,4.535961417
96.54818182,5.327944762
96.57836364,6.150693276
96.60854545,7.139573702
96.63495455,7.988692361
96.66136364,8.737604469
96.68777273,9.444324347
96.71229545,10.19775705
96.73870455,10.86680529
96.77265909,11.4590034
96.81415909,11.67188239
96.84811364,11.19228822
96.87075,10.45271868
96.87640909,9.766040112
96.89527273,9.054046206
96.90281818,8.373696473
96.91413636,7.424371264
96.92922727,6.395935622
96.93677273,5.378048037
96.94431818,4.550025494
96.95563636,3.500493736
96.9694697,2.503702267
96.97701515,1.586021232
96.98581818,0.8265610651
96.98959091,-0.1508922978
97.00656818,-1.019349063
97.01788636,-1.546751956
97.02228788,-2.42224076
97.03109091,-3.11313855
97.04240909,-3.888420804
97.07447727,-4.834869269
97.11597727,-4.869390186
97.15747727,-4.268150887
97.19897727,-3.825132457
97.24047727,-3.523074436
97.28197727,-3.44252563
97.32347727,-3.23540013
97.36497727,-2.982246741
97.40647727,-2.683065463
97.44797727,-2.435665561
97.48947727,-2.314842352
97.53097727,-2.061688963
97.57247727,-1.831549519
97.61397727,-1.831549519
97.65547727,-1.78552163
97.69697727,-1.704972824
97.73847727,-1.658944935
97.77997727,-1.57839613
97.82147727,-1.647437963
97.86297727,-1.704972824
97.90447727,-1.658944935
97.94597727,-1.57839613
97.98747727,-1.509354296
98.01811364,-1.57839613
98.05961364,-1.57839613
98.10111364,-1.486340352
98.14261364,-1.37127063
98.18411364,-1.161268387
98.22561364,-0.9138684839
98.26711364,-0.7240034422
98.30861364,-0.3126291851
98.3522096,0.1233572069
98.38972727,0.5829009282
98.42179545,1.319306054
98.44631818,2.113424126
98.47272727,2.899254437
98.49913636,3.749691603
98.52743182,4.535961417
98.54818182,5.327944762
98.57836364,6.150693276
98.60854545,7.139573702
98.63495455,7.988692361
98.66136364,8.737604469
98.68777273,9.444324347
98.71229545,10.19775705
98.73870455,10.86680529
98.77265909,11.4590034
98.81415909,11.67188239
98.84811364,11.19228822
98.87075,10.45271868
98.87640909,9.766040112
98.89527273,9.054046206
98.90281818,8.373696473
98.91413636,7.424371264
98.92922727,6.395935622
98.93677273,5.378048037
98.94431818,4.550025494
98.95563636,3.500493736
98.9694697,2.503702267
98.97701515,1.586021232
98.98581818,0.8265610651
98.98959091,-0.1508922978
99.00656818,-1.019349063
99.01788636,-1.546751956
99.02228788,-2.42224076
99.03109091,-3.11313855
99.04240909,-3.888420804
99.07447727,-4.834869269
99.11597727,-4.869390186
99.15747727,-4.268150887
99.19897727,-3.825132457
99.24047727,-3.523074436
99.28197727,-3.44252563
99.32347727,-3.23540013
99.36497727,-2.982246741
99.40647727,-2.683065463
99.44797727,-2.435665561
99.48947727,-2.314842352
99.53097727,-2.061688963
99.57247727,-1.831549519
99.61397727,-1.831549519
99.65547727,-1.78552163
99.69697727,-1.704972824
99.73847727,-1.658944935
99.77997727,-1.57839613
99.82147727,-1.647437963
99.86297727,-1.704972824
99.90447727,-1.658944935
99.94597727,-1.57839613
99.98747727,-1.509354296